market_avg_price,market_total_volume,market_change_24h,market_market_cap,onchain_hash_rate,onchain_difficulty,onchain_active_addresses,onchain_transaction_count,onchain_mempool_size,onchain_exchange_netflow,onchain_exchange_reserve,onchain_whale_ratio,onchain_trade_intensity,onchain_hodl_1d_1w,onchain_hodl_1w_1m,onchain_hodl_1m_3m,onchain_hodl_3m_6m,onchain_hodl_6m_1y,onchain_hodl_1y_plus,onchain_coin_days_destroyed,onchain_dormancy,onchain_mvrv,onchain_nvt,onchain_rvt,onchain_nupl,onchain_sopr,onchain_stock_to_flow,onchain_inflation_rate,onchain_liquid_supply,onchain_illiquid_supply,onchain_liquidity_ratio,onchain_realized_hodl_ratio,onchain_lth_supply,onchain_lth_net_position_change,onchain_entity_adjusted_dormancy,onchain_binary_cdd,onchain_difficulty_adjustment,onchain_exchange_to_exchange,onchain_coinbase_premium,onchain_age_1d,onchain_age_1w,onchain_age_1m,onchain_age_3m,onchain_age_6m,onchain_age_1y,onchain_age_2y,onchain_age_3y_plus,onchain_coin_days_created,onchain_liveliness,onchain_estimated_lost_coins,onchain_effective_supply,onchain_velocity,derivatives_funding_rate,derivatives_open_interest,derivatives_basis,macro_dxy_value,macro_dxy_change,macro_sp500_value,macro_sp500_change,macro_vix_level,macro_market_stress,macro_ten_year_yield,sentiment_fear_greed_index,sentiment_put_call_ratio,orderbook_bid_ask_spread,orderbook_bid_ask_spread_pct,orderbook_vwap_spread_pct,orderbook_liquidity_crisis,orderbook_nobi_level_10,orderbook_wall_detected,orderbook_nobi_level_5,orderbook_nobi_level_15,orderbook_nobi_level_20,orderbook_total_bid_depth,orderbook_total_ask_depth,orderbook_depth_ratio,orderbook_buy_impact_1btc,orderbook_buy_impact_5btc,orderbook_buy_impact_10btc,orderbook_buy_impact_50btc,orderbook_avg_trade_size,orderbook_large_trade_ratio,orderbook_retail_trade_ratio,orderbook_order_density,orderbook_spread_volatility,orderbook_quote_intensity,orderbook_basis_1m,orderbook_basis_3m,orderbook_basis_6m,orderbook_basis_12m,orderbook_put_call_skew,orderbook_risk_reversal,orderbook_lead_lag_coefficient,orderbook_spot_futures_arb,orderbook_cross_exchange_arb,orderbook_funding_arbitrage,term_structure_1M,term_structure_3M,term_structure_6M,term_structure_12M,iv_call_0.9,iv_put_0.9,iv_call_0.95,iv_put_0.95,iv_call_1.0,iv_put_1.0,iv_call_1.05,iv_put_1.05,iv_call_1.1,iv_put_1.1,corr_spot_spot,corr_spot_futures,corr_spot_options,corr_spot_perpetual,corr_futures_futures,corr_futures_options,corr_futures_perpetual,corr_options_options,corr_options_perpetual,corr_perpetual_perpetual,whale_whale_tx_value_usd,whale_whale_tx_count_24h,whale_whale_alert_level,miner_miner_outflow_btc,miner_miner_outflow_ratio,miner_puell_multiple,timestamp,market_avg_price_change_1,market_avg_price_change_3,market_avg_price_change_7,market_avg_price_ma3_ratio,market_avg_price_ma7_ratio,market_total_volume_change_1,market_total_volume_momentum,onchain_hash_rate_change,onchain_hash_rate_trend,onchain_difficulty_change,onchain_difficulty_trend,onchain_active_addresses_change,onchain_active_addresses_trend,onchain_transaction_count_change,onchain_transaction_count_trend,onchain_mempool_size_change,onchain_mempool_size_trend,onchain_exchange_netflow_change,onchain_exchange_netflow_trend,onchain_exchange_reserve_change,onchain_exchange_reserve_trend,onchain_whale_ratio_change,onchain_whale_ratio_trend,onchain_trade_intensity_change,onchain_trade_intensity_trend,onchain_hodl_1d_1w_change,onchain_hodl_1d_1w_trend,onchain_hodl_1w_1m_change,onchain_hodl_1w_1m_trend,onchain_hodl_1m_3m_change,onchain_hodl_1m_3m_trend,onchain_hodl_3m_6m_change,onchain_hodl_3m_6m_trend,onchain_hodl_6m_1y_change,onchain_hodl_6m_1y_trend,onchain_hodl_1y_plus_change,onchain_hodl_1y_plus_trend,onchain_coin_days_destroyed_change,onchain_coin_days_destroyed_trend,onchain_dormancy_change,onchain_dormancy_trend,onchain_mvrv_change,onchain_mvrv_trend,onchain_nvt_change,onchain_nvt_trend,onchain_rvt_change,onchain_rvt_trend,whale_whale_tx_value_usd_change,whale_whale_tx_count_24h_change,whale_whale_alert_level_change
113265,37496682184.19451,-0.41690955106008404,2257820311214.1187,4.915004683358033e+20,51328467107499.55,808970,255153,125,-66228267.28038833,3155016.1730892602,0.5420853848062007,5.088248019085998,0.09900158487046946,0.08951614191439324,0.15469395825624715,0.17219721186864068,0.21929874677650377,0.2652923563137457,4554944.639151234,1106.578974780655,1.3861754911049122,13.251499606370384,9.559756099718436,0.27859062116088495,1.1214700425798754,60.607058599695584,1.649972830070692,3835656.226485692,16073762.523514308,0.19265535948836737,0.36774176229958583,5281816.61302457,-22864.91352163559,1247.801850521594,0,6.015413803013622,1062.987257548051,0.002982653386689571,0.031577564017202256,0.031243114213658045,0.09079704257536156,0.12976801486233272,0.15706216500682987,0.12177402758374088,0.20113557475067928,0.23664249699019535,2288507.6901028743,0.0006268038528867779,3060820.5708843716,16848598.179115627,0.07546315735611317,7.757e-05,87489.317,-0.00035581873025209793,98.21600341796875,-0.0040702531915015605,6395.77978515625,-0.24316693228262354,15.899999618530273,False,4.296000003814697,50,1.0,0.00999999999476131,8.822681521499054e-06,0.00012302079054674368,False,0.1979256048325066,False,0.1864107557224314,0.20426293216322014,0.19550446998722856,19.62462,20.09891,0.9764022029006728,0.0,0.0011186314645120004,0.004746447454827654,0.010673581475009871,0.606182796929061,0.055619115068852566,0.627948111001994,200,0.006708231793095059,81.8312233110074,0.07733494239814243,2.2608055485968404,2.6747309096563705,2.305742970555408,0.11429718127208788,-0.11429718127208788,-0.056563806494615204,False,0.12718088829788632,-0.08506251826293326,113431.87969111538,115906.7175278141,116375.87802038547,115957.65150046801,0.6596981026680602,0.9117021941847818,0.6248344116904999,0.7798936857671794,0.8196298945609667,1.0038141646797243,0.6379549153049532,0.7524048995859484,0.797405012912694,1.069935213605259,1.0,0.8763674826989294,0.8625531723472447,0.8582792308901247,1.0,0.9469025755171743,0.8569167370523683,1.0,0.7553034606372769,1.0,185060677.29205674,1,3,572.5406899455458,0.6361563221617175,1.4259322473251854,2025-08-21 19:06:09.251345,,,,,,,,,,,,,,,,,,,,,,,,,,,,,,,,,,,,,,,,,,,,,,,,,,
113400,37161525166.668175,-0.15115996563411696,2258038586212.4272,5.639306012379659e+20,72236905557915.4,812997,292219,75,-52181618.50929866,2963687.7266610805,0.3559596943582352,4.898738863735044,0.12080281531214364,0.08684583586376216,0.19679428315986378,0.19968374938531655,0.17430962075174547,0.22156369552716837,6589353.048164503,1654.5105653418411,2.422968374283229,13.695960172278335,5.652554246123795,0.5872830984449711,1.09209804835992,60.607058599695584,1.649972830070692,4568424.889370531,15340993.86062947,0.22946048534794772,0.5368418271516474,4411204.394047897,31791.1277107614,1199.1228763033496,0,13.25483325335921,663.2766031692727,0.010447388520351524,0.07885341396729878,0.03759000050226,0.09729304345607952,0.09776330597325107,0.1620897601918663,0.15679987439033957,0.21427380985964126,0.1553367916592635,4222761.91572652,0.0009067578655336566,3647122.172162316,16262296.577837683,0.07301423101565935,7.757e-05,87728.51,-0.00027461420585554285,98.28700256347656,0.0682155792514072,6395.77978515625,-0.24316693228262354,16.170000076293945,False,4.296000003814697,50,1.0,0.00999999999476131,8.821529644209017e-06,2.261105088328568e-05,False,-0.36215331940681544,True,-0.3545572252846806,-0.37051331160769113,-0.357178415458305,15.51982,22.14107,0.7009516703542289,0.0,0.0,0.0014936284123169856,0.008501973522103566,1.2869444034531403,0.11540648984378937,0.7538899338047088,200,0.004431729111075043,188.39978797408057,1.1019921664100643,0.5010228378064002,1.2090977951597148,0.02946229340896068,0.14246061512724018,-0.14246061512724018,-0.012585927214859538,False,0.33565297538410593,-0.08634504479902774,114608.23257541882,113926.97960396466,114729.64647188954,113392.42316855103,0.6793884343091423,0.9567617213859732,0.9099618374863843,1.208107563921571,0.7948072417059783,1.0635072626587114,1.0262212104088513,1.3227415149081623,0.814301106258733,0.8629506885198763,1.0,0.8527401384382746,0.957650019551392,0.8408598600265389,1.0,0.835812926055895,0.9007864978059862,1.0,0.7676637799176942,1.0,161150462.91429594,2,3,923.5517983829199,1.0261686648699109,1.7261859820597474,2025-08-21 19:35:59.156319,0.0011918951132301459,,,,,-0.008938311285247802,,0.1473653385263447,,0.4073458575458013,,0.004977934904879078,,0.1452697009245434,,-0.4,,-0.21209446280122146,,-0.06064261985726649,,-0.34335124256210436,,-0.03724448074073938,,0.2202109235947911,,-0.029830441678158626,,0.27215235409438776,,0.15962243069094395,,-0.20514994584355073,,-0.16483196649232523,,0.44663735131418836,,0.4951581432945593,,0.7479521098384847,,0.03354039762369876,,-0.4087135500988064,,-0.12920202566872963,1.0,0.0
113320,31994426025.42856,-0.5833694542269122,2257601105303.782,5.073459079629796e+20,56913981155836.83,993791,351770,127,8795754.78534687,3519010.2354959426,0.47490250602103296,3.24414288316155,0.14938744540458415,0.12262496934903638,0.17621523207644074,0.18817646470758928,0.17295892194366028,0.1906369665186891,4798920.996710209,1488.4990684584554,1.4364657018445437,16.919130706346238,11.77830468532638,0.3038469357702622,1.071399517245227,60.60808599695586,1.6499448605755782,4734505.53921938,15175250.71078062,0.23779826733033863,0.2738434639077835,3795535.535626511,-25783.753553143517,1789.9803971770166,0,0.7804387280420605,593.5567915756804,0.009237514315878262,0.03743973776506818,0.08470956310473568,0.09002937181045383,0.08030833053984171,0.13593640110154273,0.15797079953521564,0.1706245871067897,0.24298120903635256,4445679.898607129,0.0006603661337195005,3808382.913099786,16101373.336900214,0.05910469144995184,7.296e-05,88756.131,-0.0002799258227465892,98.65599822998047,0.44389839529490605,6370.169921875,-0.40041815293089256,16.600000381469727,False,4.329999923706055,50,1.0,0.00999999999476131,8.827465028572794e-06,4.57056064831493e-05,False,0.8714032252936739,True,0.8262362669687163,0.8703945418729516,0.8652759669708822,31.09371,20.44018,1.5212052927052444,0.0,0.006895520229405692,0.010564350698942607,0.014993466870064299,0.4368818810387944,0.07548726008194853,0.7669335394554047,200,0.006334529368044192,51.54955247503295,0.5125807303580052,2.108750352812666,0.773813813192061,2.4609496564466773,0.4754829364109503,-0.4754829364109503,0.1334995085089321,False,0.4343943566764523,-0.0420172254875679,113863.47082923903,115671.65655011358,114159.40299306142,116070.63780046065,1.1706647216308739,1.2946037176122085,1.0291039739569832,1.1970285224488952,1.0074301556064207,1.1345004087861852,1.016327596911263,1.0376010088775178,0.8191207812012582,1.002522755728247,1.0,0.7271653072838257,0.8424205585197977,0.7202304288157658,1.0,0.9735410890405805,0.7932322009825588,1.0,0.8378592892241659,1.0,228513231.49806252,4,3,1951.729119973544,2.1685879110817154,1.881382376631105,2025-08-22 11:44:40.313168,-0.000705467372134061,,,0.9999264673441476,,-0.13904432388243892,0.8999616328050521,-0.10033981690436555,,-0.21212044291949272,,0.22237966437760526,,0.20378893911757956,,0.6933333333333334,,-1.1685604056872916,,0.18737551322942303,,0.3341468529948073,,-0.3377595798833717,,0.23662221793904714,,0.4119844449583294,,-0.10457138669371735,,-0.05762754712464069,,-0.007748848297988609,,-0.13958391935508674,,-0.27171590873447393,,-0.1003387348264444,,-0.40714632634464987,,0.23533731797729995,,1.0837136933985696,,0.4180116356202581,1.0,0.0
113252,31856883610.208797,-0.9163651145315749,2255336065658.0415,4.766584310082993e+20,75026921312635.17,980529,302754,190,40409328.634333506,3369322.795109833,0.4540015309216425,3.288021058020721,0.08641863144496789,0.15116440674143514,0.1205841033703968,0.1923874389814758,0.22319436256550387,0.2262510568962205,5047661.172512817,1565.651728446855,1.3309282931015884,16.91913336194296,12.712280180410547,0.24864472024288764,0.9903053124343463,60.60809550989345,1.6499446016032024,4338523.289311834,15571236.085688166,0.21790937839055796,0.3011239329673171,4504604.101143184,-13185.083563257349,1104.2863493846237,0,-5.4602177704902966,728.1295594344516,-0.0009043931997834554,0.05129810308665025,0.08721971931767525,0.1248618326356339,0.15599785524121465,0.15135166838654388,0.17934247718531615,0.21045616613358045,0.03947217801338543,2751912.6621072185,0.0006945944665298567,3081341.0695023406,16828418.30549766,0.05910468217298583,7.296e-05,88646.492,-0.00039736101435553634,98.65699768066406,0.4449159585927953,6370.169921875,-0.40041815293089256,16.600000381469727,False,4.329999923706055,50,1.0,0.010000000009313226,8.828282541336977e-06,3.080965017731746e-05,False,0.25658520109666993,False,0.3178757458444483,0.19869185156549204,0.1612928258254763,22.92233,23.10087,0.9922712867481083,0.0,0.0026830181636617895,0.007823194863519638,0.01465338065172984,1.7812845731370235,0.12277420246476141,0.796376624717927,200,0.00792684526249902,131.42474570426,0.7641710523433622,2.2099075663042185,2.3862836484355325,1.1060580416702155,0.19285959097749827,-0.19285959097749827,0.1828828815879389,False,0.21724520831517918,-0.06964323448012302,114137.90924154919,115775.52845971295,115975.31373104939,114525.17254904352,1.1640863207292824,1.1648676471923338,0.8816146274551009,0.9405142404035524,0.6802143281587806,0.7007083135387427,0.867806097188592,1.0495629814015266,0.9720080562148355,1.0366892649277628,1.0,0.7947971015254237,0.763768163288456,0.8980192487562754,1.0,0.7737670374498082,0.9477231981884571,1.0,0.7120015810786932,1.0,168612670.44266754,4,3,1895.3796910061894,2.105977434451322,0.372608562375193,2025-08-22 12:20:41.073486,-0.0006000705965407693,-0.00011477508497770295,,0.9993646535597049,,-0.004298949295431842,0.9461238368141022,-0.06048630031903113,,0.3182511535645889,,-0.013344858224717315,,-0.13934104670665493,,0.49606299212598426,,3.5941854474675337,,-0.04253680164843676,,-0.044011086137466626,,0.013525352131349422,,-0.42151342630619737,,0.23273757003897688,,-0.31569988615916933,,0.022377794589934608,,0.29044723485387647,,0.1868162876691597,,0.051832521513299756,,0.051832521513299756,,-0.07347019048727466,,1.5695822508376978e-07,,0.07929625867530232,,-0.2621316965442452,0.0,0.0
113211,31841965255.5201,-0.9128812279406694,2253783043698.459,5.923766112788994e+20,54663664334608.86,853214,262478,168,-67697526.84249519,3176416.5557805453,0.5397167501645506,3.778653421064352,0.06083809378502549,0.16946449061558128,0.1800188054527899,0.109964745103885,0.21995917350730368,0.25975469153541464,9253997.709294867,2870.346684024373,2.4191251894077266,16.91914132873313,6.993908956351051,0.5866274286347166,1.057525132187389,60.60812404870624,1.6499438246865623,4412523.445972817,15497245.304027183,0.22162605208424718,0.6283791173601555,5171655.840197688,-46018.274213661134,2388.783573917881,0,-6.4046941655234555,711.0304796077851,0.01781773757414118,0.07053643129112228,0.07103159742208984,0.08832693196047874,0.12234550013296436,0.10619676601065506,0.1563728244126593,0.1746107634368585,0.210579185333172,3208985.8375767847,0.0012734160150217602,3599284.5931789074,16310484.156821093,0.059104654342105316,7.296e-05,88599.117,-0.0004031099068344457,98.66799926757812,0.4561169225281603,6370.169921875,-0.40041815293089256,16.600000381469727,False,4.329999923706055,50,1.0,0.00999999999476131,8.830446633625175e-06,1.209042156144261e-05,False,0.40895127974979234,True,0.47016989751036026,0.4230174478461859,0.3876966748753533,21.88201,18.8322,1.161946559609807,0.0,0.0040533436661432205,0.0095076740021863,0.014163135397751525,1.132926059194152,0.10799750160693027,0.6766458811418282,200,0.004166113672875857,55.947891327688815,0.3558865654571942,1.1121602605021574,0.7209366146402308,2.7115038173799446,0.19817885047686679,-0.19817885047686679,0.05660486878141999,False,0.39076965480377096,-0.06150867349932343,113647.57715735678,114504.0159378925,114060.97646108139,116315.18543179992,1.1350214557967901,1.1517628562587068,0.8864006320597395,1.1146707639979982,0.7831662317437047,0.8161958674266804,0.6728862637230241,0.871601653914889,0.95358400578184,1.1002309645501496,1.0,0.7895044444013856,0.8247817365957639,0.8133564776641086,1.0,0.9486073172736456,0.8558952517702365,1.0,0.8497409680140913,1.0,160787826.32116488,7,3,1103.9764358310397,1.2266404842567107,0.4831964555022776,2025-08-22 12:27:56.445873,-0.0003620245117084142,-0.0016666666666667052,,0.9995585417751918,,-0.00046829297150452476,0.9982508789171701,0.24276960763248367,1.1254158861211636,-0.2714126692360621,0.8811889448132849,-0.12984317648942556,0.9587749277952742,-0.13303209866756505,0.8962123064189886,-0.11578947368421055,1.2262773722627738,-2.675294520606721,2.472475349101405,-0.057253712707273974,0.9813778494502363,0.18879940573967335,1.1402470409031502,0.14921813284826557,0.9308034936790167,-0.2960072062264988,0.5890043774229031,0.12106079909041156,1.3674964264079623,0.4928900279651971,1.0866679847950835,-0.42842034965456843,0.6375435977452983,-0.014494940736913597,1.089207867871011,0.148081671302698,1.1162654355525474,0.8333238688222131,1.5298454571607722,0.8333238688222131,1.6523619399973826,0.8176224834549197,1.3446063820037748,4.708746008663667e-07,1.0886796657122582,-0.44983049011706244,0.7488637692634897,-0.04640721305794937,0.75,0.0
113172,31660524608.19053,-0.9214584152855791,2253303091889.124,5.0319133802196055e+20,68320335359405.78,1192956,311884,131,10931853.361244608,2996227.8803627784,0.4362925122288633,2.702530520823903,0.07438839024922518,0.1638174243089777,0.21231872585904105,0.11329743967762523,0.1706009991581971,0.2655770207469338,5148733.801895417,1597.0017995953033,2.1688166157771698,16.91914132873313,7.801093557497647,0.538919061793677,1.0255220139615617,60.60812404870624,1.6499438246865623,3400569.4082986475,16509199.341701353,0.1707990409631778,0.5759878553645481,5287577.068385404,-45423.96096177159,1747.3780829526654,0,9.069329837319692,919.5828396413023,-0.0012484925203928832,0.0335240014541589,0.03842862951977934,0.1341075442643999,0.08557614807026682,0.13977485610970272,0.18750866643656589,0.22288772170878435,0.15819243243634207,2249809.8404974192,0.0007085024533593804,3207629.473339699,16702139.2766603,0.059104654342105316,7.296e-05,88601.31,-0.0006457111407018627,98.68299865722656,0.4713881396550379,6370.169921875,-0.40041815293089256,16.600000381469727,False,4.329999923706055,50,1.0,0.010000000009313226,8.827219587205868e-06,1.0810044875415563e-05,False,0.8454788449221761,True,0.8346570212455016,0.8083410089832499,0.7973360033792768,33.285940000000004,17.29183,1.924951841407619,0.0,0.006120673382653023,0.009357264209927428,0.012715163188172071,1.1672990344608818,0.13081476284896518,0.6702468858532815,200,0.002509153015436975,117.19953438414178,0.9695589815024627,1.4676256423353118,2.1805155199916064,0.7604098146357046,0.6050403901925282,-0.6050403901925282,0.14823512030562683,False,0.06960379481585427,0.09440236095099673,114384.32915148334,114948.56872474444,115756.17283074571,114147.39252042379,1.1161722314033329,1.3481425571311159,0.6012537071653851,0.7987134435185069,0.8879000119782882,1.0110813841895703,0.6007130288279573,0.6366547272957829,0.7431021669385877,0.8346492037380353,1.0,0.725188233321913,0.8328638565933344,0.7921468160657148,1.0,0.7496622571725495,0.9456856176845037,1.0,0.7867316206047213,1.0,261516782.04813033,4,3,1921.8714062884326,2.135412673653814,2.3152208177864075,2025-08-22 12:35:41.492132,-0.0003444894930704212,-0.0013060360042358443,,0.9996496238609095,,-0.00569816108627641,0.9960381487882659,-0.15055502117883102,0.9517510648819684,0.2498308737811885,1.0441367810541244,0.39819084075038624,1.2340531794127096,0.18822910872530274,1.025188925156383,-0.22023809523809523,0.9479015918958033,-1.161480837943735,-0.9149187503067245,-0.05672702942246466,0.9348800253233736,-0.19162688188601695,0.9648762080968337,-0.284790050932306,0.7543874030494717,0.22272717011943777,0.7562326120639701,-0.03332300640736341,1.180381762919017,0.17942525685030075,1.1982800575336205,0.030306936742242163,0.7050158836881903,-0.22439698041267486,0.8876009488050023,0.02241472204834216,1.1410070534666314,-0.4436205882432903,0.8347854087226393,-0.4436205882432902,0.870204929168992,-0.10347069871643966,1.1089942474136048,0.0,1.0396104270164712,0.11541251197066349,0.867981326694937,0.6264712822584273,-0.4285714285714286,0.0
113172,31660524608.19053,-0.9214584152855791,2253303091889.124,4.287189079183269e+20,75551567923060.88,907540,354493,152,66788347.932865106,2577248.928828765,0.38595201518262323,3.552460497608921,0.07022783834221703,0.09906806245127124,0.13104662151593965,0.10799860484779211,0.18699591467629376,0.40466295816648623,8544344.166088691,2650.2308207470305,1.4184917450450196,16.91914132873313,11.927557130899029,0.2950258586324996,0.9975018453127339,60.60812404870624,1.6499438246865623,3258567.8791220584,16651200.870877942,0.16366678689435096,0.5740110656846589,8056745.918785665,32430.1777555853,2095.829420794923,0,1.2417735310363947,826.1224875452859,0.009231761491998607,0.05606088722211156,0.041063836493769976,0.06876833675355261,0.12091366110074547,0.16922054990382834,0.14758599852798227,0.21608756538258114,0.1802991646154286,3362716.0163433934,0.0011757626315410182,3804577.3515344365,16105191.398465563,0.059104654342105316,7.296e-05,88590.214,-0.00044677770518339457,98.68900299072266,0.47750128710106754,6370.169921875,-0.40041815293089256,16.600000381469727,False,4.329999923706055,50,1.0,0.010000000009313226,8.82785390000083e-06,1.2082573545551022e-05,False,-0.3248424485478824,True,-0.3153467318336085,-0.35454940668412427,-0.3637346377467534,23.642590000000002,35.54559,0.6651342684122978,0.0,1.2846217581135346e-14,0.002323972283368772,0.011481185759333762,0.3338428221884081,0.07565248240740441,0.7943603774932227,200,0.0035731552262183463,96.33136285687652,0.15449041373054626,0.7365805870266164,0.9571813336696275,1.3028219923082234,0.7259458422153043,-0.7259458422153043,-0.03731148003637941,False,0.24691172594615463,-0.0014540825835146045,113452.81836505843,114112.19739469793,114362.08910036882,114753.62328622623,1.0960916018994662,1.3956950899607754,0.8686736037340205,1.0683094833403421,0.7701088323641782,1.0216471170639405,1.0684076506423184,1.2596259026486032,0.6697492477454711,0.7958138532269736,1.0,0.851649024918158,0.7605959084502502,0.7908086130402594,1.0,0.9102428843403346,0.8325997553907636,1.0,0.7913674773635471,1.0,349269539.6908771,0,3,1362.7929877840975,1.5142144308712193,1.8768869774833923,2025-08-22 12:36:31.205784,0.0,-0.0007063892911383096,,0.9998851437911384,0.9992583174401356,0.0,0.9980933701150971,-0.1480002227311462,0.8546035415853135,0.10584304842203252,1.1430703054820137,-0.23925107045020944,0.9207939075046215,0.1366181016018777,1.1194192925382995,0.16030534351145032,0.9895833333333334,5.1095173641499665,5.638264078643647,-0.1398354758928697,0.8240221312941065,-0.11538244557319666,0.8423716853552952,0.31449412698062895,1.0722267262707579,-0.05593012421789145,0.795764116442334,-0.3952532041743132,0.7014767125282372,-0.38278349690671254,0.7988860016654197,-0.046769237194682844,0.7586039502530235,0.09610093492414884,0.9602244780741229,0.5237122437339423,1.5022204977838387,0.6595039663816449,1.3027433850292627,0.6595039663816449,1.3027433850292627,-0.3459604953567179,0.8083654127809493,0.0,1.0000002197414253,0.5289596314910785,1.1645015400740673,0.3355530645318068,-1.0,0.0
112973,31835529026.743904,-0.8983490925531946,2248729613562.47,4.814524209600043e+20,68456556461448.766,1138760,274368,181,-43937061.06116388,2623512.9012244106,0.4554269088010721,2.8311496715725877,0.10370036619763569,0.1367716301174855,0.13377385661660612,0.168444548938595,0.15160818867173406,0.30570140945794366,6199147.870762526,1922.8126150007238,1.3142040903181371,16.919143984329853,12.874061273263985,0.23908317789672676,0.9861196295039073,60.60813356164383,1.6499435657145116,3209329.043966848,16700442.831033152,0.16119366229387538,0.4017540427256492,6086445.324173626,-7601.304658593433,2016.615032645566,0,2.961742333549173,461.96904090153123,-0.014636830912603442,0.06248873750717108,0.05771074774523663,0.11592478199490244,0.13044945141931422,0.12257857633752015,0.13860937569347043,0.1612500386589801,0.21098829064340496,3014701.6549070673,0.0008530467790310832,3922595.0692972005,15987176.8057028,0.05910464506515095,7.296e-05,88671.815,-0.0004741230602720037,98.77100372314453,0.5609880834793302,6370.169921875,-0.40041815293089256,16.600000381469727,False,4.329999923706055,50,1.0,0.00999999999476131,8.843929100131815e-06,1.4350592299395987e-05,False,0.7238377050431939,True,0.7346236860404913,0.6883992869778534,0.6807318199120456,39.83518,14.95092,2.6643965722332514,0.0,0.004305000268833344,0.008405699452133543,0.011202139082851502,1.0972947684256182,0.08875128520453567,0.6105130027140864,200,0.006138049299413409,116.13334513192524,1.1217214312206907,1.0785815960293417,0.0731981547650296,2.2570953926963577,0.23498272282668053,-0.23498272282668053,-0.2914334941918804,False,0.012790572139396661,0.09270594692023795,114340.26690324665,114291.48786546795,113154.68155533749,115624.05598389855,1.0767367947247006,1.3579185368366464,0.9417590276675818,0.9894021449256782,1.1526280266873103,1.4045942894848673,0.9470177849512654,1.1671969551551715,1.122935814009966,1.2607699077206924,1.0,0.7587150717134022,0.8672589557241472,0.7422336856299203,1.0,0.727414595043475,0.7783275426493436,1.0,0.8566120241006527,1.0,370620791.3742223,4,3,1009.5360039036946,1.121706671004105,2.0406503895225176,2025-08-22 13:05:27.845431,-0.0017583854663697496,-0.0021022692141222654,-0.0025780249856530713,0.9988270555262483,0.9978687697160884,0.005527527440530866,1.0036782411008147,0.12300253631856006,0.9697326483546983,-0.09390951977115058,1.000771117631133,0.2547766489631311,1.1223735703476385,-0.22602703015292258,0.9109302466106719,0.19078947368421062,1.1009732360097324,-1.6578551861370925,-33.824059470818774,0.017950913424831683,0.8897650124053574,0.180009148509239,1.0025292122540033,-0.2030454178228952,0.8763641637496683,0.47662762581853313,1.3107603691856178,0.38058246758141223,0.9494258351163111,0.02081118207488286,0.8600142284468631,0.5596918976499041,1.2169217365267069,-0.18924331082750623,0.7959616395034815,-0.24455302051102945,1.0455282607771124,-0.27447352889106713,0.906470253588378,-0.27447352889106713,0.9064702535883777,-0.07352009984631436,0.75951804586418,1.569581264959652e-07,1.0000002197413906,0.0793544002328006,1.2305803604094725,0.0611311587670722,inf,0.0
113063,31649346677.11377,-0.7208339985561986,2251038630689.137,4.739950215156969e+20,70262908482767.375,973478,264506,193,-19689648.02847806,3213901.149533817,0.37428925946148556,3.3118365284063946,0.0938171609867226,0.15801790393746645,0.1854650964305492,0.13464925408678807,0.20334603042714286,0.22470455413133084,2042904.290101238,633.6551768303891,1.6815554390530676,16.919143984329853,10.061603436552478,0.40531250009626274,1.0038061054726422,60.60813356164383,1.6499435657145116,3361251.5706728604,16548520.30432714,0.16882421314397206,0.3778531651795338,4473816.412028385,-48406.947822027425,515.2711162878437,0,14.251490333656154,773.7922318501775,0.0011924040335308118,0.07846728366807945,0.05013139259058459,0.0921693431665556,0.0950873736050736,0.15964555966762717,0.15913287416059768,0.2011966977156196,0.16416947542586224,2743298.0456337254,0.0002811181408914001,3137051.824001027,16772720.050998973,0.05910464506515095,7.296e-05,88644.385,-0.0002973100731887589,98.76499938964844,0.1470255922005892,6370.169921875,-0.40041815293089256,16.600000381469727,False,4.329999923706055,50,1.0,0.010000000009313226,8.84062028913799e-06,2.5725976455444735e-05,False,-0.37933681989916235,True,-0.3637129485179407,-0.38459230070780764,-0.36405965582129207,17.41005,30.297719999999998,0.5746323485708673,0.0,1.286479512072649e-14,0.00012381319093533247,0.00873048927621894,0.7081053895090944,0.13175759937324844,0.7997787738742536,200,0.005628093000519174,98.54238412063448,0.4013463797919494,2.2550227190406575,1.407934870222499,1.1218265544659387,0.277809369332768,-0.277809369332768,0.10291376773948387,False,0.4509156869244959,-0.044796297413671665,113568.21488720186,115664.98669771904,114706.80975775042,114383.180525111,0.8375978102103018,1.0835634716820195,1.066020241917023,1.237689291518567,1.1494195502436637,1.2790990786585823,0.7977404624200972,0.9777001269963546,0.8057541023492515,1.0151956080897775,1.0,0.9212058049907854,0.9197176755715788,0.9221728867469319,1.0,0.9486407562789944,0.7743580157209432,1.0,0.7042494735282081,1.0,244786737.82483009,5,3,1183.9899097886796,1.315544344209644,2.1299572702857206,2025-08-22 13:14:02.119011,0.0007966505271170821,-0.0009631357579613642,-0.0029717813051146624,0.9999439871701139,0.9990885714177512,-0.005848256816267439,0.9979256981413751,-0.015489379883971699,0.9557375190842388,0.026386837356270787,1.041688065396,-0.14514208437247533,0.9608053616026063,-0.035944425005831615,0.9010723369232332,0.06629834254143652,1.1696969696969697,-0.5518669762397511,1.8365826529137752,0.22503729561759278,1.101608767793598,-0.17815734593545285,0.8538876470444136,0.16978503879902784,1.0236484352694724,-0.09530540318514724,1.1640659402011344,0.15534123415602052,1.0865721189221094,0.38640763689791346,1.1005222568515618,-0.20063157320767155,1.0613090505367018,0.34126020638260446,1.0903151902057837,-0.2649541442096486,0.769325036206014,-0.6704540151822591,0.3275026317989675,-0.6704540151822591,0.32750263179896755,0.2795238208747346,0.9339698805524708,0.0,1.00000009417487,-0.21845925516544162,1.0130853013099828,-0.33952238103753696,0.25,0.0
113017,32193346691.033504,-0.7587093079995031,2251545968385.947,5.882769738602701e+20,64940355887403.55,1167921,333193,160,-50070516.82428533,2822917.5548344865,0.3731714531497799,2.7653753978222837,0.11868304442537354,0.11003353813779233,0.21536078160175173,0.11279860114260254,0.16960087815371674,0.27352315653876313,2269226.73763073,702.6035339162471,1.8607429079623283,16.88907472597777,9.076522422150594,0.4625802437720507,1.0875492010944114,60.60813356164383,1.6499435657145116,3790199.996967846,16119571.878032153,0.19036883098229102,0.5089562736929732,5445783.649216688,11612.10834753913,507.6150855802968,0,-8.02923729013156,445.05004380122966,0.0071422842131354525,0.06441298953884164,0.07387989824449293,0.08237080749739775,0.1070416668481366,0.14365426909617401,0.16642492874916615,0.19832396461410146,0.16389147541168947,2534074.8395199524,0.0003122617172203378,3919923.7025424577,15989848.172457542,0.05920987479923097,7.296e-05,88605.727,-0.000455391738201166,98.79000091552734,0.1723769663464214,6370.169921875,-0.40041815293089256,16.600000381469727,False,4.329999923706055,50,1.0,0.00999999999476131,8.847711634286308e-06,1.4085861608548734e-05,False,0.1391255549272858,False,0.07527718751972397,0.13495836982914966,0.23049248793611807,23.60692,26.42363,0.8934018528079095,0.0,0.0004195551760372739,0.0038814500833023726,0.009934031881274598,1.5454223062628576,0.05101608373552496,0.6541163027944014,200,0.006177641254552683,113.88721438908081,0.13983188591324938,1.3266508249630211,0.633899555080531,1.7642675892447515,-0.1992424602018107,0.1992424602018107,-0.20797612219370373,False,0.24221939293121958,-0.0929733291866099,113181.61799644909,114523.00319014021,113740.03093906112,115017.61330193075,0.6147386567065629,0.8211117981480499,0.7034157130984366,0.7631665178519557,0.7648136147126957,0.9285794743475385,0.6211441313792765,0.6312267273303714,1.0203542583498606,1.2990373538938482,1.0,0.8823271910692415,0.9601538721860946,0.8097840901139687,1.0,0.9339254453433727,0.9228308553807345,1.0,0.8572166572473952,1.0,231789394.22759107,3,3,1748.7520486483234,1.9430578318314704,0.974104731963026,2025-08-22 13:31:36.260540,-0.00040685281657126815,-0.001369596720036781,-0.002673843981644941,0.9999941012172138,0.9990642285252443,0.017188348924532804,1.0094255271015309,0.24110369762773676,1.1881336588642086,-0.07575195377329469,0.9343083146286407,0.19974051801889714,1.0852963068622685,0.2596803097094207,1.0828895949413824,-0.17098445595854928,0.9791921664626683,1.542986890972657,6.958679511910571,-0.12165389553317274,0.9916241221507524,-0.00298647712550959,0.9213508692914535,-0.16500244679862253,0.911861468835604,0.265046215181997,1.2877465011427676,-0.3036641076992346,0.8239638137208505,0.1611930532837349,1.2264769181098945,-0.1622783066447714,0.8851274797424807,-0.16594940261455815,0.9612905486930531,0.21725684464276496,0.9277197463866761,0.1107846552705003,0.4687641051874953,0.108810532300462,0.46800898215842884,0.10656054789972691,1.1018383478990006,-0.0017772328422721584,0.9985777708936754,-0.09790497315996516,0.8771139784847406,-0.053096600382574466,-0.4,0.0
113083,31898372250.016037,-0.6680035413070348,2251439271391.341,4.594233339745972e+20,60868324101733.41,1128759,384742,171,17328616.08796976,3122314.3060759325,0.5179496188641386,2.8613193781843598,0.05819297198025856,0.17439744190499057,0.19262918425904516,0.11836256782165266,0.1647755585750965,0.2916422754589566,8083272.028236047,2502.762460209118,1.8876883015413581,16.889077376854882,8.946962993341861,0.47025152447919083,1.0024417775172354,60.60814307458143,1.6499433067425424,3563755.9017171315,16346019.098282868,0.17899528757693803,0.5505297116187747,5806532.084875847,-49784.060597551506,2655.5223669667444,0,-0.47637921052859855,533.0815548274937,0.014579912537430162,0.061302402877965734,0.0638908270277499,0.13417921815171358,0.14006082085774696,0.135555833747236,0.17609992002223654,0.15397859279274642,0.13493238452260492,1621113.4062256645,0.0011123154712843585,3788964.2475510566,16120810.752448943,0.059209865505762876,7.296e-05,88599.767,-0.0003646173487548939,98.81500244140625,0.19772834049223142,6370.169921875,-0.40041815293089256,16.600000381469727,False,4.329999923706055,50,1.0,0.00999999999476131,8.832784996773877e-06,1.3933765761656532e-05,False,-0.7619163475779184,True,-0.7676194357123453,-0.7489089377171474,-0.6465768554281252,17.81351,26.30863,0.6770975911680803,0.0,0.0,8.04114540832467e-05,0.003632003410784516,1.949552404327776,0.10752036990352122,0.7628158481581223,200,0.0033700674022349316,172.54635470392896,1.175078043417394,2.4111818537079013,2.5157278633552997,2.6169219321624073,0.16178753478969532,-0.16178753478969532,0.25232591436497154,False,0.33334423241687866,0.005881828844081705,114544.93461277333,115944.38428815253,116062.7456086543,116177.31204357947,0.8026019006081156,0.9982292828806412,1.16388748965395,1.2290504848899582,0.8291136000744522,0.8930842665526444,0.7355507275809504,0.7476822865855371,0.8364417480909458,1.0271921734971858,1.0,0.735134747158877,0.8809980626854265,0.8797498980404734,1.0,0.7077130913180659,0.8062981106304811,1.0,0.7535660015479688,1.0,462806101.9250075,1,3,1053.6213666045696,1.1706904073384108,1.8732821051326698,2025-08-22 13:38:49.233968,0.0005839829406195651,0.0009736839775875694,-0.0014922473775297318,1.0002535653948101,0.999861056902251,-0.009162590141633897,0.999520071478017,-0.21903566791019558,0.9445898943924637,-0.06270418032094571,0.8949126013793242,-0.03353137755036517,1.061570504271829,0.15471213380833326,1.193885441711113,0.06875000000000009,0.9976662777129521,-1.3460842265475677,-2.929084291173289,0.10605933238422205,1.087164753209216,0.3879668835661152,1.2292392737480287,0.034694739975495326,0.9337204538658719,-0.5096774584608033,0.6544104078774533,0.5849480518075942,1.2855696523173747,-0.10555123905866104,1.122187311570757,0.04932655744565517,0.9214628932429679,-0.02845102944718747,0.9401492783696633,0.06624345503129514,0.971989058673694,2.562126205456087,1.489241179604034,2.562126205456087,1.4876029709844871,0.014480986848708355,1.1562916389679574,1.5695810184901404e-07,0.9989330585481627,-0.014274126453161506,0.8458612246361441,0.9966664284500613,-0.6666666666666667,0.0
113011,31990886977.292007,-0.7248679846266706,2249140096513.5903,5.077138598180484e+20,69198206289822.1,1140302,350848,166,326559.7580104057,3102328.32485258,0.4716893092634198,2.832354937551631,0.10157689180675879,0.11307376198401287,0.1922726293248028,0.19742769297376653,0.2043958886363871,0.1912531352742719,2298378.193777714,711.629479084274,2.0600208156349744,16.88908532948621,8.198502268182358,0.514568011929645,1.0643126556272664,60.60817161339422,1.6499425298271218,3291931.741426493,16617852.633573506,0.16534241051651233,0.3939854397204517,3807808.68435346,-37767.4455330893,799.468586623678,0,9.907399311306031,801.9561998819624,-0.008085594683817133,0.07925101901698245,0.08567132693949296,0.13062872758207097,0.114868043306583,0.1438684829720354,0.16340158776742278,0.15408016886740464,0.12823064354800784,1008491.8313485452,0.000316272966080031,3620700.829819958,16289083.545180041,0.05920983762537609,7.296e-05,88200.548,-0.0002341194150371808,98.80799865722656,0.19062655182398025,6370.169921875,-0.40041815293089256,16.600000381469727,False,4.329999923706055,50,1.0,0.010000000009313226,8.835233115472586e-06,5.46629560304186e-05,False,-0.7484248276835682,True,-0.7586370417957506,-0.7658721156810394,-0.8191741204184209,12.88518,42.98919,0.2997306997403307,0.0,0.0,1.669826294292095e-05,0.008600923043846206,0.556657307158618,0.08038702534009012,0.6205995815879627,200,0.007352256031477509,66.07341162126765,0.284734786741742,2.117225632650888,1.0572350682397875,0.7362555015359732,-0.12243011165997619,0.12243011165997619,-0.1555516961036222,False,0.25867879593381704,-0.03746639699137908,113505.47695738422,115579.5488281158,114379.81753461773,114016.52257362724,0.7208410943683662,0.8273187536766836,1.0254146864420048,1.2371494908971783,0.8377551386998332,1.131431395643046,0.6934252184849746,0.8266380665720467,0.9497488653366598,1.187032072596673,1.0,0.879914064056,0.9303085957307299,0.7482920149607449,1.0,0.7313206912803337,0.9619789239238499,1.0,0.8605328527845959,1.0,379256547.60891414,2,3,1319.3883090123666,1.4659870100137407,1.6446285655404853,2025-08-22 14:36:04.740424,-0.0006367004766411055,-0.00045992057525445773,-0.0017666127849766955,0.9997699868184754,0.999476936566556,0.002900296182853701,0.998855724348703,0.10511117366564005,1.0110351318646373,0.1368508548743086,1.0367507096187722,0.010226275050741584,1.0274434965634809,-0.08809539899465091,1.0911780311347508,-0.0292397660818714,0.9529276693455798,-0.9811548852861298,-0.0170008739806873,-0.0064010151650845115,1.0421006699631434,-0.08931430377759031,1.0756752509163554,-0.010122756953859557,0.9698493259168782,0.7455182017721631,1.0670504326816908,-0.3516317627777249,0.8166596625931142,-0.001850991248360745,1.0455264033776945,0.6679909586893069,1.3491346893098861,0.24045028524806145,1.143503512917103,-0.34422012387162526,0.7431204903525851,-0.7156623968921071,0.5500373309364394,-0.715662396892107,0.5496512839791283,0.09129288662376167,1.169906471965539,4.708742313841441e-07,0.9992888186510605,-0.08365528344271589,0.8338988813538094,-0.18052820386026724,1.0,0.0
113101,32068712990.67521,-0.646232447112136,2249140096513.5903,5.781428295508327e+20,61285330357372.555,905524,314727,198,63299985.853105515,3148745.910948564,0.5079436139393776,3.5667083368303873,0.06815358678080029,0.17500165617989616,0.1578218318758534,0.17231949877267322,0.2076163322651637,0.21908709412561322,1316222.7169219817,407.532097605981,1.686092236830873,16.88908532948621,10.016703096403797,0.40691263612032924,0.983286032471866,60.60817161339422,1.6499425298271218,4250234.671965847,15659549.703034153,0.21347467114223062,0.36940104859503126,4361976.803386289,-12729.226997350885,472.8939221875154,0,-3.5777785354751397,745.5192648742252,-0.010089381530121186,0.06287348916158728,0.054557913513696064,0.06803010251761403,0.145435467732008,0.16384754060426907,0.12033993407141724,0.22634095508428487,0.15857459731512347,2300570.722695459,0.00018112148115128393,3482310.32403036,16427474.05096964,0.05920983762537609,7.296e-05,88155.652,-0.00038086402659287435,98.81099700927734,0.19366686004471667,6370.169921875,-0.40041815293089256,16.600000381469727,False,4.329999923706055,50,1.0,0.00999999999476131,8.838954292274706e-06,5.813545473974387,True,-0.8776108107841614,True,-0.8470017897225728,-0.8791337836372876,-0.8361789640449326,11.67438,41.30037,0.28267010682886695,0.0,1.2862370795147742e-14,3.992541337072911e-05,0.009600923040364204,1.63571308606181,0.09259321406495999,0.6446006195821011,200,0.0025222448283381787,104.33895255078859,0.7138875571011793,1.8277818175222376,0.1271119344081116,1.6882410310371119,-0.37838525208105056,0.37838525208105056,-0.24818091494133246,False,0.21328326009510973,0.042241616163062795,113943.21564980235,115203.42610344286,113279.36379246385,115045.55586020155,0.6210896764395508,0.7009825681835572,1.186488201958736,1.331760435098086,0.8415367708234405,1.0232524673386187,0.9812249017645209,1.0332818626398963,1.0793678202646078,1.2390369318234,1.0,0.9379139585281366,0.7143196136742459,0.9609469897941941,1.0,0.8868194510654105,0.9726443902167943,1.0,0.83577763401329,1.0,164717257.14144698,5,3,1404.1069552504086,1.5601188391671208,1.407354046411855,2025-08-22 14:38:12.664844,0.000796382653016181,0.0007432510153340122,-0.0006273636588555176,1.000318400919825,1.000362639306563,0.002432755723167146,1.0025862025666679,0.13871783952879335,1.1085930892277185,-0.11435088215015476,0.9383611776881619,-0.20589107096190307,0.8516993279137033,-0.10295341572418826,0.9548663362491626,0.19277108433734935,1.114864864864865,192.83890482638245,28.271551444831545,0.014962177189350001,1.021642947636457,0.07686056046631995,1.1312557405763324,0.25927308387187953,1.1627339340947012,-0.32904437644679496,0.7737275899629303,0.5476769597940774,1.1977812077315542,-0.1791768155973581,0.8363198112366549,-0.12717665806098233,1.1713528301934375,0.015755911971916614,1.0930227929749599,0.1455346539099882,0.9127030052358827,-0.4273254417026203,0.41106258301444304,-0.4273254417026203,0.41096921830832533,-0.1815168934051974,0.9187412363462942,0.0,0.9996443926282863,0.22177231508219641,1.0817105232136726,-0.5656838143469526,1.5,0.0
113101,32068712990.67521,-0.646232447112136,2249140096513.5903,4.569846024707669e+20,51133184262116.836,1101346,369565,129,-46291981.21184853,2393592.297574554,0.4832749803688805,2.93253891147741,0.10251754819476784,0.15817720828919435,0.1959657005966073,0.16871161040288138,0.1855990200065121,0.18902891251003706,8850038.586251833,2740.170597711134,2.0374390182317828,16.88908532948621,8.289369732471119,0.5091877641236778,1.0460370805914996,60.60817161339422,1.6499425298271218,4705024.986866498,15204759.388133502,0.23631722464932514,0.38513488192187145,3763524.888715578,37371.136223572554,2791.139619785289,0,5.304712946184554,376.3596210786431,0.0015078585870927075,0.0633771998233828,0.03249308155334367,0.11108372144703636,0.13775581457786956,0.17787789445148824,0.19016677060715145,0.22420796216085984,0.06303755537886802,3298023.8083364964,0.0012178274059396587,3720651.3301697676,16189133.044830233,0.05920983762537609,7.296e-05,88160.685,-0.0003769360403894341,98.80999755859375,0.19265342397114527,6370.169921875,-0.40041815293089256,16.600000381469727,False,4.329999923706055,50,1.0,0.00999999999476131,8.839963028411607e-06,1.877570222203157e-05,False,-0.5991166092285792,True,-0.6493304931443442,-0.6019932218513181,-0.5965405870336523,13.56949,26.28288,0.5162862669520377,0.0,0.0,0.000491363100222004,0.008090554921011368,1.5619283280001375,0.1263163161784436,0.6698421077276774,200,0.0019636886280183933,115.64103355462042,0.2627789792169763,2.252815500334653,1.598621116774317,1.595756463699255,0.6266639476780367,-0.6266639476780367,-0.08497625336667404,False,0.029177847953624325,-0.07982627483501431,113419.90753179423,115671.08948094853,114931.04749082364,114927.80691949505,1.0889802569035374,1.2662306250849125,0.6873482909189806,0.9579390174714564,0.9101866993827827,1.1583935148899152,0.8595217400681465,0.8599492570626753,0.6395666774068758,0.815016496923794,1.0,0.8267686275576069,0.9640386692289915,0.8278677463313253,1.0,0.7496344240036599,0.9011941754226677,1.0,0.9611693751621563,1.0,217298505.1614395,1,3,1755.7363741461347,1.9508181934957052,0.6394951482847719,2025-08-22 14:38:44.228440,0.0,0.00015917511916030413,-0.0006273636588555176,1.0002653200201643,1.0004523920545803,0.0,1.0008096055260711,-0.20956452434806705,0.8820252153607261,-0.1656537712378412,0.8316356441705937,0.21625268905075945,1.011550277266906,0.1742398967994485,1.0540478872837729,-0.3484848484848485,0.7827669902912621,-1.731311083058914,15.022707429491152,-0.2398267865146727,0.8202909413378655,-0.048565692910633285,1.026484774361495,-0.1778024344756325,0.9802382313151948,0.5042135423406404,1.141305500670603,-0.09613879238609502,1.0823919332730019,0.24168943084350225,1.0270199380280522,-0.02093720325029169,1.096070896904934,-0.1060480744382456,0.9957160618105606,-0.1371974088000928,0.8116071293432836,5.723815409407201,1.9393401758610156,5.7238154094072,1.9393401758610156,0.20837933638867256,1.0687382459344557,0.0,1.0000002197412527,-0.17244529934732977,0.9308029180986734,0.3192212457425736,-0.8,0.0
113075,32122973119.78976,-0.6636267158935564,2251306945485.638,4.2373248697468735e+20,58325977650093.36,1079218,287028,199,-29818373.498151936,3406165.0209100754,0.4785533128067762,2.9926669125236973,0.14474474170482754,0.1359005405932723,0.12155337065234888,0.13070663648482508,0.19597901602920084,0.2711156945355253,4359504.9955658335,1349.8006017715663,1.4198890582191512,16.88908532948621,11.894651368515218,0.2957196238597564,1.1479158538618306,60.60817161339422,1.6499425298271218,4408191.563465911,15501592.811534088,0.2214083025932274,0.3849542081824781,5397855.018880675,36900.67785678658,1502.0185255883846,0,8.60585682666365,796.9092433069304,0.00942350420296413,0.07353116829766446,0.03289971182830534,0.11526275567254307,0.08853972003305742,0.15484474462185838,0.15941642163036615,0.19742537038752397,0.1780801075286812,3622690.2319748555,0.0005998984759431927,3713953.600155036,16195830.774844963,0.05920983762537609,7.296e-05,88206.162,-0.0003801347271075973,98.81199645996094,0.19468029611828808,6370.169921875,-0.40041815293089256,16.600000381469727,False,4.329999923706055,50,1.0,0.00999999999476131,8.846514864388731e-06,4.949467331158092,True,-0.8028973907630325,True,-0.8140163119273038,-0.7901448322466349,-0.7822796050791521,6.18773,24.83127,0.2491910401673004,0.0,0.0,0.0002063846002498397,0.008889319951891527,1.2036342011904513,0.13064981503882822,0.6190318285959983,200,0.00840690352173452,82.93349248169744,0.02318149155124942,1.6053190029608095,1.234099655328706,3.377833473280599,0.34517268274292934,-0.34517268274292934,-0.18252936444713513,False,0.47197673006414814,0.030397281938173527,113065.0690949396,114853.4993805762,114433.87724335247,116857.12961978646,0.8507338189872975,1.1010181432989226,0.7303772930119615,0.7760119198744304,0.744556453903804,1.0105682307722248,1.1861338741712266,1.3249258692647188,0.7558454605559932,0.7859588049424975,1.0,0.7683778391696561,0.8939583543662634,0.7653159819098746,1.0,0.8721134240918631,0.816783268953274,1.0,0.9557414210182558,1.0,488428902.36085594,4,3,1334.3919311502336,1.4826577012780373,2.185895746367862,2025-08-22 14:40:09.931417,-0.00022988302490689616,0.0005663165532558967,0.0009028705973994633,0.999846732905561,1.000093499155349,0.0016919958443710748,1.0011273613993132,-0.07276419230822262,0.8733161402808995,0.14066781663948635,0.9694787301028728,-0.02009177860545186,1.007645165428637,-0.22333554313855475,0.8407824665623846,0.5426356589147288,1.152954808806489,-0.3558630951288846,-30.77354120125861,0.42303475172508254,1.1224320428528713,-0.009770146922359335,0.9729023430108871,0.020503735111905064,0.9853641553442626,0.41190210118792936,1.5230333044342874,-0.1408336127363795,0.8981589531838478,-0.3797211946667911,0.706506246966087,-0.22526590687683468,0.8298538935336338,0.055926998010682016,1.0224645581939231,0.43425516729420743,1.166463168092008,-0.5074027132109747,0.8751419465630644,-0.5074027132109747,0.8751419465630644,-0.303101076639133,0.7809200545875394,0.0,1.0000000941748108,0.4349283181230883,1.256136080268619,1.2477324544776924,3.0,0.0
113168,32236351534.293213,-0.6013824179752423,2254287093238.8545,4.282081531390617e+20,59596651370252.336,906520,348865,86,-28948878.437533278,2432796.358872721,0.5226721541945745,3.5627895689008517,0.14357722938987946,0.15306889103077198,0.1767727777026963,0.11776829087544258,0.2075157381159006,0.20129707288530907,7793292.322245846,2412.9782342373087,2.242565074350646,16.88909593299465,7.53115087992933,0.5540820592287344,1.0326352255915903,60.6082096651446,1.6499414939410324,3191593.650634852,16718203.224365149,0.16030267263260825,0.4514217852216105,4007783.8326785737,-5983.305567404851,1976.9746771148907,0,-9.70610389764053,436.6671438136857,-0.019913792799340226,0.05313486780806411,0.07167599802141483,0.06488219428363443,0.14204908967925922,0.10572224990708728,0.19675786120395203,0.15079413524692406,0.21498360384966408,4316914.669134733,0.001072411032037321,3242174.6784137073,16667622.196586292,0.05920980045156789,7.296e-05,88074.612,-0.00042716485593080595,98.78600311279297,0.16832322205211359,6370.169921875,-0.40041815293089256,16.600000381469727,False,4.329999923706055,50,1.0,0.00999999999476131,8.840331887949069e-06,1.0718539085995277e-05,False,0.7000894255446976,True,0.7085877116548525,0.6511743598107975,0.613352584572398,21.32503,25.825770000000002,0.8257267837480714,0.0,0.004285875227736877,0.007176994336822784,0.013049594550850913,0.5778789739672657,0.12573218995175156,0.7386180060894382,200,0.0027064437412980206,184.96098760637398,0.20395600386967036,2.1384199422372476,3.163176012748826,1.497572433659017,0.14802902564547615,-0.14802902564547615,0.09493557488965958,False,0.05268479468895321,0.01498222355546619,113348.63579949028,115536.86126644496,116696.0440697192,114811.94786232707,1.0251992394373082,1.098451750833299,0.9364227907051917,1.0877358257537162,0.7168988451871678,0.7382461660766951,1.1101021894150798,1.2792776332808034,0.9504227251878228,0.9646382339505917,1.0,0.7317456878074937,0.8548722942750944,0.7245878349550858,1.0,0.904022627293939,0.7293119946133743,1.0,0.7379409666691952,1.0,483501637.77072954,0,3,1437.0992507939377,1.5967769453265974,1.011430020607666,2025-08-22 15:04:39.074116,0.0008224629670572359,0.000592390871875681,0.0009286857769561507,1.000471497948984,1.0007832673872727,0.003529511856846357,1.0029142660680987,0.010562480579030309,0.8940441453677103,0.021785725183758542,0.9948050462192666,-0.16002142291918775,0.8830468486686889,0.21543891188316122,1.0438602947996838,-0.5678391959798995,0.5526992287917738,-0.029159707878518182,3.493483063594206,-0.2857667365092268,0.8398435714654426,0.09219211362060298,1.060559790383887,0.1905065525305567,1.121286716287408,-0.008066008486366627,1.2806360484295345,0.12633025860347158,1.040970475172484,0.45428116681584085,1.0467529824755826,-0.0989876716082786,0.748273243725586,0.05886712935113825,1.0364324014705375,-0.25752334909946584,0.9390766495163333,0.7876553255868743,1.5828805372564556,0.7876553255868746,1.5828805372564554,0.5793945740826463,1.1870440406734701,6.278320130448378e-07,1.0000005022655476,-0.36684559752091117,0.8198442202289995,-0.010087987353553651,-1.0,0.0
113089,32261775538.858772,-0.6708521098758679,2252119417066.5728,4.9678452547052175e+20,74078021039201.78,847233,300022,73,61254785.80661984,2783417.392908518,0.4322722019871792,3.812103636189808,0.13663608062692892,0.1116707861563792,0.21397868839255887,0.14025633036219637,0.2477834910365189,0.1496746234254177,7829557.942738744,2424.20688437413,1.5016325220190814,16.88909593299465,11.247156468272093,0.3340581098660483,1.1325888696537842,60.6082096651446,1.6499414939410324,3112889.444859172,16796907.430140827,0.15634963351976297,0.22475628225656627,2979991.3497421835,49610.0275479053,2872.261621710973,0,11.378682456385814,570.9325535288326,0.002739964419375496,0.02685110071935769,0.03940046722910405,0.08477147701505419,0.08405309491795504,0.17104195009143036,0.15362320157122616,0.2179887767402558,0.2222699317156167,3770687.9463524153,0.0010774014327424566,3968373.3119026027,15941423.563097397,0.05920980045156789,7.296e-05,88051.746,-0.0004823250453622152,98.802001953125,0.18454593538255182,6370.169921875,-0.40041815293089256,16.600000381469727,False,4.329999923706055,50,1.0,0.00999999999476131,8.838646482169034e-06,9.07023090945577e-06,False,0.7118200032570278,True,0.6891529292797822,0.7209852588232054,0.6978355452154252,35.61853,19.7597,1.8025845534000895,0.0,0.003038425713367928,0.006347862064080511,0.010606621249092453,1.5891687169016417,0.1250045291242188,0.6437221517589377,200,0.0055255055216588906,157.5914940185669,0.627240455586267,0.47687661243828744,0.3122158213845633,0.2983713107050314,0.34027298211690227,-0.34027298211690227,-0.1736962897613063,False,0.20915000234692616,-0.031169160016229425,113849.151683886,113679.03079108578,113492.73440362459,113477.07079415655,1.033532676833962,1.0579982966373347,0.6521238369186196,0.9221651103554831,1.0414666349842556,1.0584640320448542,1.0970068370301922,1.2082700073346695,0.7177253145204324,0.8047355941204678,1.0,0.7693144379672118,0.8655039596637975,0.9643571115413224,1.0,0.8079147294244556,0.7915149429137427,1.0,0.8597750107071959,1.0,444568349.2940045,3,3,959.6139743073375,1.066237749230375,2.4337385343308884,2025-08-22 15:06:34.430780,-0.0006980771949667286,-0.00010609985764931107,0.0006370722988577882,0.9998084471844683,0.9999936839020348,0.0007886750005972054,1.0016996952353745,0.16014728311160775,1.0419782791298589,0.24298965354583357,1.2167108650551888,-0.06540065304681641,0.8752694561660187,-0.14000544623278344,0.9258755208439414,-0.15116279069767447,0.5328467153284672,-3.1159640411906517,15.70994968113189,0.14412264008741915,0.982517828135906,-0.1729572763383569,0.8913871872980228,0.06997720815879438,1.1300608210809993,-0.048344356500305996,1.146989466588964,-0.27045407199082916,0.7608877232658878,0.21047307834035944,1.235311012988438,0.19095156531173774,0.960972617417778,0.19404674212289463,1.1861417419918572,-0.2564490815487602,0.7264323908815641,0.004653440291130684,1.2984937345615246,0.004653440291130684,1.2984937345615244,-0.3303951179860892,0.8447890859419032,0.0,1.000000376699113,0.493418024361455,1.1481603569277203,-0.08052359172191004,inf,0.0
113181,32119407210.35958,-0.40328940424105936,2252119417066.5728,5.126939773218321e+20,50318237156730.05,1042919,399428,149,-59637267.3047634,3116955.3076326055,0.4607854808560827,3.096827270382455,0.1116521946334058,0.1448695160782779,0.1968568115470109,0.12890680799695461,0.23519078843062394,0.18252388131372688,5319130.859204616,1646.9223092894326,1.2728467829053578,16.88909593299465,13.268757999642471,0.21435948660102414,1.0560408418926837,60.6082096651446,1.6499414939410324,4584268.292137771,15325528.582862228,0.230251886592277,0.2323249351335766,3634013.4017929104,-17386.204748117838,2102.4608205358886,0,2.805251990764188,883.774697888409,0.014577527911570418,0.07268980971861544,0.08688446122277511,0.07156742005710842,0.11887137716151894,0.15257712805576923,0.15948370291666797,0.2160247084270842,0.12190139244046072,3660060.223957662,0.0007319492684726267,3968437.175403181,15941359.699596819,0.05920980045156789,7.296e-05,88023.985,-0.00041411574106801024,98.82599639892578,0.2088761373015613,6370.169921875,-0.40041815293089256,16.600000381469727,False,4.329999923706055,50,1.0,0.010000000009313226,8.827877279364071e-06,3.6982795787987054e-05,False,0.23449090456141478,False,0.22285040532089978,0.30066312152983704,0.3526057241623295,25.18751,14.54927,1.7311872004455813,0.0,0.002563499801197605,0.0067232821040108465,0.008814415550495386,0.41370511985544545,0.07393654574528101,0.7442048640601473,200,0.0021302455076063175,83.34209476190233,0.520038042051559,0.5571956272022862,0.6073363815505072,1.803166594699749,0.08271165194181163,-0.08271165194181163,0.19573708706833387,False,0.10698286610650032,0.03468528452666302,113866.60117109066,113908.69236018341,113965.49056071133,115320.097309786,0.8123030174221915,0.8455782888243876,0.9558728035781074,1.118922592165063,1.069422635276918,1.2189665123320812,1.0871834508665537,1.321302024171804,0.7628666368825759,0.7809482248048861,1.0,0.7876008397987845,0.895104046847804,0.7469147416297773,1.0,0.9695759516399437,0.7015043912945605,1.0,0.7309968778600922,1.0,493925136.25864375,1,3,584.5110001740692,0.6494566668600769,2.0004101205341014,2025-08-22 15:11:36.535974,0.0008135185561815028,0.0009374309086889188,0.0008666200932059276,1.000309334841709,1.0006833172082261,-0.00441291051472692,0.9973160911799726,0.03202485390671539,1.1057046865633207,-0.3207399920942563,0.8573501782289303,0.23097070109403206,1.0476889181063547,0.33132903587070284,1.171406316352554,1.041095890410959,1.171383647798742,-1.9735935979441197,2.882650752118771,0.119830362335833,1.1027282051461758,0.06596139825282865,0.969030946079763,-0.1876329801259734,0.9443316429621802,-0.18284984375202562,0.8734731581502542,0.2972910916504927,1.0293605536866015,-0.08001673892933059,1.0874536704042794,-0.08091985820485159,0.9390753174478429,-0.050821394731415004,1.096902326474236,0.2194711243397771,0.9184606466693088,-0.3206345877882336,0.7787545219421845,-0.3206345877882336,0.7787545219421843,-0.1523580075410863,0.7509976635764414,0.0,1.0000002511327106,0.17974334553567006,1.2701973960125845,0.11102181935133304,-0.6666666666666667,0.0
113224,32211866100.41153,-0.3680247527364908,2252119417066.5728,4.440359873085028e+20,66852849968125.766,1058375,338603,93,-17529393.69366758,2726686.879391717,0.42892824625052023,3.0516026928073696,0.12778845846280518,0.09924406378269515,0.21217949663706695,0.11355757389043793,0.2177608447078394,0.2294695625191554,7427606.9519221615,2299.7538352690717,2.4131950664991946,16.88909593299465,6.99864514371627,0.585611617609225,1.0076715237689786,60.6082096651446,1.6499414939410324,3197557.0679364433,16712239.807063557,0.16060219438760312,0.5537548161829543,4568692.378751498,27326.05322976165,2747.3694731755,0,6.345714904086087,806.1919556830618,-0.01461402174713769,0.07321100352014669,0.0681819869420989,0.1102554300258977,0.09131231242721825,0.10885394175910024,0.12746893243133398,0.1541385845002217,0.2665778083939826,2926139.6105572735,0.0010220901908351578,3913053.3947104653,15996743.480289534,0.05920980045156789,7.296e-05,88003.638,-0.0004146316794490295,98.81900024414062,0.20178208478653925,6370.169921875,-0.40041815293089256,16.600000381469727,False,4.329999923706055,50,1.0,0.00999999999476131,8.825705852163434e-06,1.245203969297465e-05,False,0.5711216092654677,True,0.6165658492407136,0.5343228151341561,0.5444149233810966,28.32863,26.17072,1.0824551254184738,0.0,0.002498512242002621,0.004860602395017545,0.011270056358936645,1.7360628359375943,0.14130410437512578,0.6427998079052781,200,0.009357311901073924,116.22951009424312,1.0203075447171328,1.5129714090681892,2.6068661099475086,3.652588051299048,-0.2653842100242736,0.2653842100242736,-0.08200493637691912,False,0.3371094454771973,-0.08465934802002083,114461.4483917258,115019.66307998465,116259.10468231056,117443.9639539884,0.854532574303454,0.9081391672548615,0.6231537550716266,0.7044353517320098,0.8775246372410538,0.9269953649045168,1.0161778816372447,1.0932863950304708,1.1735233772791351,1.3962314788261927,1.0,0.7952296034495945,0.8747937174983539,0.8222293988741546,1.0,0.8754201119254684,0.7659455199553875,1.0,0.7410407328224013,1.0,157239342.42824027,4,3,1141.357896763113,1.2681754408479033,1.5829283777815415,2025-08-22 15:14:12.225516,0.0003799224251419542,0.00049483953060947,0.0018847722788046806,1.0005243097079772,1.0007942530927256,0.0028785988933857087,1.0004405022111988,-0.13391612355576943,0.9630115578679018,0.32860079656395946,1.081160434924423,0.01481994287188182,1.0724748265445816,-0.15228026077290524,1.011391645847596,-0.37583892617449666,0.775,-0.7060664499584229,1.1736474680361775,-0.12520822075479354,0.9424453645494082,-0.06913680211098583,0.9231364975470276,-0.01460351954647443,0.9238328062312521,0.14452258535876106,0.9616850359291412,-0.3149417043053403,0.7696276016189778,0.07783670257402742,1.1514708629060533,-0.11907233097323544,0.8995433964073971,-0.07410980608165263,0.9860303954061138,0.25720295266314785,1.1095339688330925,0.3963948525667276,1.1347101698870163,0.3963948525667276,1.1347101698870161,0.8959038109763027,1.3633672468203668,0.0,1.0000001255663395,-0.47254708060054684,0.6869449772402848,-0.6816534918241093,3.0,0.0
113295,32255784360.032684,-0.30549977763066094,2252119417066.5728,4.0618150734052465e+20,58877217574121.83,1101408,362926,176,-35341278.493719876,2690518.515260842,0.5236297198599205,2.9323738342194714,0.10555912324782986,0.13456948972688268,0.12564117517802234,0.10173339292772776,0.24200951046429983,0.2904873084552375,3453384.268643461,1069.2452855782058,1.993516379851614,16.889101234748868,8.472015281863897,0.4983738232065922,1.0219012464470416,60.60822869101979,1.6499409759984756,4002387.38027047,15907415.74472953,0.2010259647040317,0.5790912075445243,5783545.121654927,28407.01369778773,1329.17470431954,0,-5.811456438093757,643.2334272389261,-0.016871939902678514,0.02966015116548385,0.040151976973785364,0.11646443894741511,0.15012797934473102,0.11798216014029554,0.15176052148141148,0.18246355615789633,0.2113892157889813,1094769.2887182026,0.0004752094585770417,3037149.5612639296,16872653.56373607,0.059209781864681295,7.296e-05,87988.461,-0.0003231191771230852,98.79900360107422,0.1815056271618154,6370.169921875,-0.40041815293089256,16.600000381469727,False,4.329999923706055,50,1.0,0.010000000009313226,8.82839243609224e-06,2.1032005730720224e-05,False,-0.170501001660139,False,-0.09232251549711974,-0.20436571646643278,-0.17241336066043683,16.19192,32.1263,0.5040082424664402,0.0,0.00016859511417579459,0.0033005685043670623,0.0122114526587629,0.6397243740059775,0.1174154391411584,0.7154553502371763,200,0.00649357884399813,89.7589214695462,1.1768464029699972,0.12669953918822358,0.5441361685079923,1.1932618404568085,0.03345011486217109,-0.03345011486217109,0.11958886862684778,False,0.43418241558761345,-0.0873766589235653,114603.92957110406,113414.41871466933,113887.25296250133,114622.52348570508,1.0415196279795853,1.079618839070071,0.8959335312404839,1.0191041171591433,0.8192900474921926,0.9023600480550177,0.8831375313865417,1.0404041716794081,1.0461687242078999,1.2957259493416688,1.0,0.7161277876694349,0.7148637930637669,0.853917200745643,1.0,0.8415625991585769,0.8356748202485165,1.0,0.9005079075225442,1.0,86250040.61037658,2,0,1337.9347557803794,1.4865941730893104,1.9875886520835881,2025-08-22 15:17:25.676061,0.0006270755316895027,0.001821574158406225,0.0017152810319980283,1.0005445981748602,1.0011765700961832,0.0013634186695130612,1.0018666621972143,-0.08525092796516509,0.8876715994362704,-0.1193013072413005,0.9504819132858416,0.04065950159442533,1.1110844343386554,0.07183338600071476,1.03702387184229,0.89247311827957,1.5251299826689775,1.0161152810714023,2.203265775079814,-0.01326458289150656,0.9783437259285597,0.2207862840398922,1.1055027162742523,-0.03907089834103261,0.8909904678525571,-0.17395416990217083,0.844185171029075,0.35594497643240497,1.0457315225594532,-0.4078543065217485,0.6788266957268554,-0.10412498750737942,0.8446496974750102,0.11135457243929148,1.0519770836085662,0.26590779738375336,1.3787395379905503,-0.5350609838408623,0.5425929783100005,-0.5350609838408623,0.5425929783100005,-0.1739099720837759,1.0577079970762144,3.1391580934680974e-07,1.0000002511326316,0.2105221950666396,0.8914584130415355,-0.451472899349355,-0.5,-1.0
113273,32220492098.033257,-0.3281531038082818,2252119417066.5728,5.130702128621379e+20,52060723556328.89,909320,374899,188,14324473.975772167,2502524.6348505267,0.37194952382132335,3.55181894162671,0.06623838238429904,0.1141532872094214,0.1599156409212133,0.11486776504736766,0.1622126578730808,0.3826122665646178,3846512.1764985975,1190.966510152049,1.952647144273277,16.889101234748868,8.649335997177586,0.4878747023327795,1.1063577575571906,60.60822869101979,1.6499409759984756,3350953.5707486887,16558849.554251311,0.1683067155265348,0.7471067496713267,7617734.90051156,31638.57369528674,1125.992114153105,0,-3.9936491037683117,351.223545087378,0.01491148351241118,0.05215765687458123,0.05498233432552392,0.06872672844595576,0.1397226919084589,0.12070298013033236,0.18349520207356176,0.2313149751836015,0.14889743105798459,604093.5871401968,0.0005293065661418333,3222136.7956694798,16687666.32933052,0.059209781864681295,7.296e-05,87994.841,-0.0003990872104862557,98.80500030517578,0.18758624360326603,6370.169921875,-0.40041815293089256,16.600000381469727,False,4.329999923706055,50,1.0,0.010000000009313226,8.82740971562652e-06,2.0291788697819672e-05,False,0.6488648702275772,True,0.6399663370257772,0.6692429142416018,0.6723029618657946,25.67614,18.61212,1.3795387091777855,0.0,0.008081283049799045,0.01148662050756527,0.015435785745533743,0.7987820621021668,0.10197520331606173,0.7092562776719439,200,0.003075072237195728,198.67852574813338,0.17484698146075336,0.2946598378640359,2.2135735455255814,4.594456444407034,0.1510243094014726,-0.1510243094014726,-0.07256260913088941,False,0.17091947276064273,-0.07095371301965792,113481.58780647014,113617.31602162568,115791.1289194815,118488.27675536831,0.7964797490280191,1.0812327647986906,1.1221385760075713,1.3333871789645597,0.9390699584580365,1.0486558119306324,0.793882643385346,0.9849099140286584,0.930208455397218,1.1139128942747711,1.0,0.8677666651891759,0.7537849855604072,0.8866018822300437,1.0,0.9739590875328371,0.9371757774946013,1.0,0.7430750556287624,1.0,68170995.13204564,3,0,1337.9636934553541,1.4866263260615047,1.0130545728458298,2025-08-22 15:18:44.115693,-0.000194183326713393,0.0008128572816992197,0.0015207646263075691,1.0000794603757592,1.0007648569679606,-0.0010941374609124699,0.9997242033648379,0.26315502697665294,1.0811646984734058,-0.11577473084918632,0.8613989857915959,-0.17440221970423309,0.9167909292827249,0.032990196348567036,1.0555314047473983,0.06818181818181812,1.3843888070692194,-1.4053184996778658,-1.9394782169787068,-0.06987273246550751,0.9053929206366041,-0.289670716320636,0.8386439514557121,0.21124356662121158,1.0799264337342729,-0.3724996916771872,0.6045035304292413,-0.1517149434013405,0.9441847672110371,0.27279644347983134,0.8800385323986617,0.12910581021288325,0.9583144780308452,-0.3297261022433674,0.7340222964828564,0.31713935661866,1.5493290132655864,0.11383844868487869,0.6899278332274408,0.11383844868487891,0.6899278332274408,-0.0205010783916304,1.068908363933698,0.0,1.000000188349462,0.0209301694359878,0.8891923517809972,-0.2096120227931334,0.5,
113249,31918871444.582035,-0.3484454454879233,2252119417066.5728,4.4413956546646e+20,73696070824690.88,863812,284990,76,18194189.45088745,3194395.2740215915,0.5396514446004267,3.738938565335976,0.07030960858159432,0.13958311842456986,0.18147543320863907,0.12147205177319942,0.20379621107146279,0.2833635769405345,8909956.355819441,2758.7224841068214,2.3396205200643974,16.889101234748868,7.218735299126203,0.5725802575998626,1.0096985246208456,60.60822869101979,1.6499409759984756,3377413.5470210253,16532389.577978974,0.169635707888047,0.6629632392489212,5641713.029681832,37937.808710418154,3568.555342321541,0,3.008827657550265,901.4164604681249,-0.0035916821205872252,0.05823286719308272,0.044224373939109426,0.0978433610078002,0.08081037144532753,0.10467934678591556,0.17151767867740567,0.23951234721206224,0.2031796537392967,4754592.212303232,0.0012260713567961094,3972394.661414197,15937408.463585803,0.059209781864681295,7.296e-05,87994.011,-0.0003611219561443176,98.7969970703125,0.17947101886144345,6370.169921875,-0.40041815293089256,16.600000381469727,False,4.329999923706055,50,1.0,0.010000000009313226,8.82507263966988e-06,-77.48398747868272,False,0.9440397437972342,True,0.9551004536616978,0.9412766713088486,0.9529472695918039,34.36567,16.869229999999998,2.0371807130376602,0.004222834221374396,0.01010905740105861,0.011623491883440005,0.014036252297848932,1.1447116630933376,0.10790966970712437,0.7224147914711169,200,0.0025807867614058536,179.5428083865567,1.074998306495265,0.6685017243225814,0.2602290372515607,3.756199151937541,0.21924805613412435,-0.21924805613412435,-0.01230592224986129,False,0.15236880886110604,0.02022721145579518,114531.63336728026,114071.01780166553,113608.3896691604,117569.79628946062,0.7201504969246016,0.9828397270877949,1.1856148015931427,1.2441083275575688,0.6471522346479682,0.6900950363705856,0.6638861452026907,0.7176151502220811,0.7635916709536705,0.8357014979917626,1.0,0.9030278917489682,0.863440531199633,0.879407147541369,1.0,0.8943583193664366,0.8200544984453509,1.0,0.8258309910863437,1.0,251582856.9933976,2,3,1697.3001975343204,1.885889108371467,1.3617912246655257,2025-08-22 15:20:40.921628,-0.00021187749949236334,0.0002208012435525042,0.0015388016803006277,0.9997940067742344,1.00033313185586,-0.009361143601827049,0.9933758743796238,-0.13434934569900592,0.9571473159196637,0.4155790736360565,1.2209215657611665,-0.050046188360533095,0.868007252653525,-0.23982192537190017,0.8092416940493377,-0.5957446808510638,0.5571847507331378,0.27014712593707535,-1.137289293379212,0.27646906229651935,1.1223305388057319,0.4508727933192993,1.1605684872046782,0.05268275967455893,1.1419004259347891,0.06146324911250134,0.7300377382535094,0.22276915397535446,1.103564357941423,0.1348197847516852,1.035737623823499,0.05749469159697118,1.0462031531063058,0.2563520858582933,0.9604239924847823,-0.2593975632700255,1.035340023978887,1.3163728455761694,1.5385023180353063,1.316372845576169,1.5385023180353061,0.19817885526631684,1.1731154078649881,0.0,1.0000001255663002,-0.16540006059635215,0.8091393781841334,2.690467720268531,-0.33333333333333337,inf
112943,32335457653.16779,-0.7000083389379762,2248954709112.8545,4.225448343214047e+20,56544975486264.516,929025,293891,125,-7086231.867521131,2685005.3700669636,0.42583241971878366,3.558031269341514,0.0593142328847364,0.162312351672854,0.2151011864767243,0.13811016184020283,0.17584296232106691,0.24931910480441555,2870096.1086221403,868.2789619186366,2.0807842394333758,16.5020239202823,7.930675178881599,0.5194119692715893,1.0231476400930006,60.60826674277017,1.6499399401143373,4074753.0782280453,15835062.546771955,0.20466051293370754,0.518779263866666,4963897.4084459655,33882.065888660974,895.4502645029089,0,-2.3702801220628924,579.4484033265895,0.009031938072347413,0.025553147175781804,0.08113451597370197,0.08190877787572155,0.1410718221112985,0.14473232722544488,0.12068066079789576,0.19140748576239605,0.21351126307775947,516744.584606726,0.0003949447427353397,3539220.438846132,16370595.186153868,0.060598627467199365,7.296e-05,88221.683,-0.0004194435547424309,98.77100372314453,0.15311394479526896,6370.169921875,-0.40041815293089256,16.600000381469727,False,4.329999923706055,50,1.0,0.010000000009313226,8.852755098501486e-06,1.1252781304616023e-05,False,0.03176677383935912,False,-0.022536395054914046,-0.04465924850363372,-0.04507122003008056,23.59932,22.883020000000002,1.0313026864416004,0.0,5.0741741408360616e-05,0.0026946181802528523,0.009988506354555345,1.4104016234203136,0.12334986254437924,0.7528259630842925,200,0.005031236733477226,150.42306661466935,0.32166399197260104,2.267356866276928,0.07934080219502955,2.499643214644959,0.23445859694315008,-0.23445859694315008,-0.1602931106180644,False,0.43059208812545047,-0.002802651125606759,113322.53402377071,115520.37283718796,113048.80772353197,115782.76160317074,1.1375952213510296,1.3218198049512226,1.1414438314813207,1.1902842593932357,1.1155964967510839,1.370070973323493,0.795326329962857,0.8999810841641792,1.0873612080080726,1.1645030996189847,1.0,0.8845171962697232,0.8761044178846813,0.788324282657983,1.0,0.955519688340849,0.7076508584450928,1.0,0.9483312585370647,1.0,219873612.48759845,2,3,1555.5581988287395,1.7283979986985993,2.138359655471189,2025-08-22 15:52:05.323168,-0.0027020106137802813,-0.003106933227415176,-0.0019881945426268866,0.9981264637002342,0.9979135479278111,0.013051407826527806,1.005509746036653,-0.04862149833999885,0.9474217927173901,-0.2327274052266043,0.9178430379436285,0.07549443628937769,0.955405661114699,0.031232674830695917,0.8877224735683791,0.644736842105263,0.9498480243161095,-1.389477744345214,1.2913058026441975,-0.15946364186587658,0.972889319471931,-0.210912110067486,0.9297686188384492,-0.048384666619470273,1.056876634713553,-0.15638510750771406,0.6909701516158624,0.16283654860861208,1.2488210884928894,0.18529093813720943,1.2026058143555096,0.1369706844012848,1.1709392310215287,-0.13716275000124434,0.8777908711589599,-0.12014413603786267,0.8685552648482252,-0.6778776467577681,0.5413732076275818,-0.6852604903462208,0.5302812102147701,-0.1106317363911209,0.9651344708832842,-0.022918763354332072,0.981580621065865,0.0986239071325381,1.0097778149441559,-0.12603897135420206,0.0,0.0
112999,32182372138.970497,-0.7044740655164459,2249539869276.1523,4.734726317412334e+20,73548363536419.16,1024303,385220,72,65107180.392008014,2477215.8500382416,0.5362140876902448,3.227072458051963,0.10806433026865606,0.14112225848999335,0.17083344736570652,0.16851984005495546,0.20165824115391237,0.20980188266677624,2232245.2284285743,675.3124272964776,1.5837014057011485,16.5020239202823,10.419908614639638,0.36856783961919115,1.1465632859582255,60.60826674277017,1.6499399401143373,3718118.647627731,16191696.97737227,0.18674802005494368,0.33226353649812096,4177116.8016733984,16388.16845284885,683.6268813511712,0,-1.912670307120381,767.250482185273,-0.015487399478425883,0.057236311927057984,0.08711576267978226,0.06444830108660214,0.1534647451853706,0.16376314076158674,0.18144873538045625,0.2021242145183626,0.09039878846078142,4738906.970805825,0.00030717212389349326,3688088.097613326,16221727.527386675,0.060598627467199365,7.296e-05,88213.716,-0.00035289123166994655,98.73999786376953,0.12167421805477918,6370.169921875,-0.40041815293089256,16.600000381469727,False,4.329999923706055,50,1.0,0.00999999999476131,8.844408584578713e-06,886.2908220628817,True,-0.9819220588453808,True,-0.9877470100178679,-0.973692341912997,-0.9671077606703725,12.83897,34.08639,0.37665971667760456,0.0,0.0,0.0,0.005247382428710359,0.843557364210429,0.13934189719476228,0.7558439155803625,200,0.003988273325339339,149.7467484809153,1.0305090978687028,0.7778727932317818,3.5003692031605067,3.395355049174806,0.3092253308653816,-0.3092253308653816,-0.24852092629525777,False,0.3891642336562746,0.04642871801652962,114230.93820100167,113945.29297996894,117023.50491745168,116904.76983988663,0.8684856965187897,1.0109675303370662,1.0416759047597204,1.2170151105858242,0.6678389186446811,0.6975992139476819,0.6967605673177937,0.9001527932428545,0.7017421994716846,0.7197903540500713,1.0,0.7876544077736649,0.7244704744672223,0.9792570626102789,1.0,0.8252990520084813,0.9012362295296086,1.0,0.8071824972794354,1.0,280640664.2746447,2,3,671.6300234203633,0.7462555815781814,1.8933408287591373,2025-08-22 15:57:28.831184,0.0004958253278202207,-0.002418934785871296,-0.0007958333701775233,0.9994280508621985,0.9985217707444418,-0.004734292485954472,1.0011449497833833,0.12052637562500879,1.047779936627962,0.3007055517122821,1.1684456928816644,0.10255698178197581,1.0608233282268695,0.31075807016887214,1.131717830269941,-0.42400000000000004,0.5651491365777079,-10.187842228310188,5.897567581657505,-0.07738886571520698,0.9141247511304272,0.25921386644153666,1.1183814884948085,-0.09301739817222054,0.9486794029600089,0.8218954374518219,1.3195129432057435,-0.13055132874650222,1.0200520091211716,-0.2057996045308096,1.0014072687954705,0.22018421968064472,1.3069567283942254,0.1468087121150179,1.0231062104510442,-0.15850057767791026,0.7410434915971182,-0.22224025121576219,0.5237014110262735,-0.22224025121576219,0.5145217415919162,-0.23889206017226916,0.7958082821616325,0.0,0.9861215108641124,0.3138740875917547,1.2203964617934162,0.27637264471867296,0.0,0.0
113166,32442705593.611404,-0.4897235587901819,2250214978771.8623,4.8762605683032746e+20,68154216758768.2,1085793,277738,190,-37301718.702158935,3075889.5149047608,0.38072919116091547,3.0443187605740687,0.0961701828062586,0.14742281774203964,0.19059796184516478,0.15651036513990763,0.2088840160677158,0.20041465639891354,1446568.7600507566,437.62479505391406,1.2871005963454316,16.502029100523618,12.821087292927341,0.22305995130498696,1.1167680609675075,60.60828576864536,1.6499394221727561,4545298.66038778,15364523.21461222,0.22829429057299286,0.2579538237674064,3990220.1100416975,-8242.777556468283,539.0095318362415,0,3.3735181919570847,475.6956739774507,-0.012129758014526352,0.05010373450901062,0.07754040630648017,0.07104645627636667,0.15056220182333308,0.1414829016332961,0.1592401788518037,0.16551614650625154,0.1845079740934581,1436280.6818309603,0.00019905763633713274,3198382.195262334,16711439.679737667,0.060598608444356064,7.296e-05,88252.559,-0.0004021193012845723,98.72000122070312,0.10139776043005533,6370.169921875,-0.40041815293089256,16.600000381469727,False,4.329999923706055,50,1.0,0.00999999999476131,8.837047620827127e-06,66.55564574158846,True,-0.8873806065175726,True,-0.8872126072410106,-0.8891870112192536,-0.8672446616846112,11.28581,35.88483,0.3145008628985716,0.0,0.0,0.0,0.008114919178689525,0.10779479313308103,0.09196399468322411,0.6392277265361025,200,0.004439516975821739,179.711693188417,0.23587556968360499,0.7033752936612516,2.7922311636084065,1.0925084915739613,0.08403939621824108,-0.08403939621824108,0.219794443284126,False,0.2386225738680402,0.09787009944862411,113426.88171209751,113955.90423612572,116319.65280745836,114396.24722668712,0.6980139550549637,0.7206564766622776,0.8333511476242292,0.8356765736134543,0.8731895788898884,0.9011544418868553,0.8290173373190166,1.0172442763828056,0.6366170804440365,0.7037434680222883,1.0,0.7984752027976806,0.7442541622955056,0.7482062889685688,1.0,0.8282510455011988,0.8423313835054322,1.0,0.8608146594211563,1.0,252951930.4241061,2,3,1649.7245713249108,1.8330273014721232,0.8868025639544053,2025-08-22 16:26:28.105005,0.0014778891848601372,-0.0007328983037377945,-0.0001325310785379452,1.0011500760819563,1.000016411053981,0.008089318385752664,1.0037910413099735,0.02989280507522407,1.0415562063967487,-0.07334149283933311,1.0517484830773467,0.060031065026657116,1.128154525541363,-0.2790145890659883,0.8589456052866946,1.6388888888888888,1.459293394777266,-1.5729278779631772,-3.5033052986998414,0.24167198222039366,1.1036536601572429,-0.2899679439588846,0.84442231135441,-0.05663142053780057,0.8891024397744582,-0.11006543447618389,1.2018366301267196,0.04464610557868198,1.0461546122366476,0.115694641677212,1.03820158534026,-0.07126445711752083,1.1187619660445598,0.035831785859366416,1.0966259586906009,-0.04474328899503843,0.7559898888381921,-0.3519669158083082,0.37465433541052834,-0.3519669158083082,0.3689359228320493,-0.18728328982217668,0.6961926321311684,3.139155138054406e-07,0.9907049215836828,0.23044143351834423,1.3627931025434712,-0.09866258662871974,0.0,0.0
115321,47250396909.95357,2.9772148485333685,2295608484320.221,4.848877584146412e+20,64911380029403.88,950207,353816,176,-21150454.884844888,3555636.709030239,0.4870795555662742,4.745050289042282,0.0814495259882253,0.1622989171601092,0.1552122539479783,0.12277188315085788,0.18992845881670073,0.28833896093612865,2246585.5601710128,498.2690572995274,2.1149404494187,12.098394307921708,5.720442063154545,0.5271734481815533,0.991550532712665,60.60999809741248,1.6498928087620106,3163282.707883792,16747101.667116208,0.15887602410406967,0.6098197316271768,5740939.542526431,23229.236411270427,383.59118789843507,0,-2.7305232146813707,530.7612828016514,-0.002175340382019799,0.03485062739632939,0.07933763761059102,0.08231481985739954,0.12273848625098203,0.12348717577756434,0.18699310890135096,0.15918543455518555,0.21109270965059712,4165553.22919594,0.0003091366201701155,3606322.060074479,16304062.314925522,0.08265559664766642,0.0001,90785.505,-0.0004460391412343819,97.72000122070312,-0.9125953161769673,6466.91015625,1.5186444876893468,14.220000267028809,False,4.260000228881836,60,0.8,0.00999999999476131,8.66431860290402e-06,9.26411433708943e-06,False,0.04286531186768726,False,0.053809355981157346,0.042184696665073906,0.055430106977552136,26.51344,18.28783,1.4497860052206863,0.0,3.557173974488533e-05,0.0034232052189852057,0.00883553413327712,0.8543522123395634,0.08282024172966594,0.7942941013743496,200,0.006590695251539764,138.8299055962942,0.9012003291037521,1.6549688469602337,2.61574833650826,0.3792914225180055,-0.4338804639832192,0.4338804639832192,0.08180790445605461,False,0.12007639931160252,0.014095950203327946,116456.01333545802,117325.98194119346,118434.8740919538,115853.64755202825,0.6930255433758914,0.6980709423220532,1.0038542896699023,1.0232701567744984,1.079309017779663,1.191711614049342,0.6662643136564227,0.9405421038548767,1.1319514063052725,1.2422887581282709,1.0,0.7559529627016627,0.7921354022966418,0.913347258848956,1.0,0.9166437391632516,0.9248118932121825,1.0,0.9537253911313298,1.0,450595016.21712774,1,3,1527.1807295203694,1.6968674772448549,2.4352657206940407,2025-08-23 21:33:48.212522,0.0190428220490253,0.02105486838493764,0.018520808309192338,1.013110347129897,1.0163689839168217,0.4564259066992884,1.2670443739593877,-0.005615570327569874,1.0483285139582417,-0.0475808670920882,0.9634913946764255,-0.12487278882807318,0.9789610437778428,0.2739200253476297,1.1086857748072108,-0.0736842105263158,1.377151799687011,-0.4329898025953225,-5.953526230872864,0.15597022968503227,1.1861498705725024,0.2793333604945718,1.0278079311317658,0.5586575067282065,1.2955123980834689,-0.15306882433289182,0.9805921077681738,0.10090771324219117,1.0780550577733783,-0.18565627646077665,0.849807307523721,-0.21556707735548553,0.8677877273416815,-0.09074680584880213,0.9689141027185765,0.43871194910120237,1.170930877594535,0.5530444332920514,0.634433269060237,0.1385759283546586,0.4756102501025617,0.6431819357584174,1.1242331222254818,-0.2668541405288263,0.7706614646966796,-0.5538255116389244,0.6484166893551704,0.7813464220717663,-0.5,0.0
115061,24869562014.56725,-0.6688720669966128,2290992595555.941,5.185865610912013e+20,75594059535145.14,1101036,283818,111,-23097494.4177919,3010465.555319012,0.4354509593562295,1.5029753795516223,0.12340646867439777,0.1468917245859251,0.17587435471411994,0.10562624076464751,0.17376988961222276,0.2744313216486869,8482352.383795755,5125.814968181168,1.845466207193919,32.96403868493217,17.86217409803178,0.45813150297640676,1.1124532811992993,60.61097792998478,1.649866136717275,3852400.5566224423,16058305.693377558,0.19348387285973054,0.5064537302982166,5464121.431146271,-44820.88245535974,6163.512725953291,0,6.699492696665286,440.1981948000674,0.00239641558895324,0.07495436933814444,0.08845709734750613,0.08100361739584348,0.15152103824501958,0.15102088607582612,0.19308423524927104,0.16882713882032221,0.09113161752806698,4197195.06876392,0.0011671771612541582,3296398.673749157,16614307.576250844,0.030336088655820534,0.0001,91970.321,-0.0003393290733798208,97.73200225830078,-0.900426347140848,6466.91015625,1.5186444876893468,14.220000267028809,False,4.260000228881836,53,1.0,0.00999999999476131,8.68515710103987e-06,1.246993837483773e-05,False,0.6986588369351907,True,0.7022003361022335,0.6608702243121158,0.6662731526892409,29.30836,25.71474,1.1397494199780371,0.0,0.004233295694785566,0.006632021399901849,0.011119137196023044,1.5616106833541683,0.14114902091936252,0.611997722548905,200,0.009250674739880428,195.76041686030482,0.5788617361238002,0.9939537523372901,3.522418141513886,4.238964261091866,-0.05972869956851912,0.05972869956851912,-0.22673872631657513,False,0.03615190654309358,0.035590379336829736,115805.46041175397,116283.39306301982,119194.64079111132,120019.66457694107,0.7295239420840325,0.9096529395430958,1.1395264878234057,1.4044001726443276,0.6305802732812764,0.6908961149626238,1.1440272577160775,1.2349627299974257,0.9693816391116149,1.0189842094613166,1.0,0.859431986424112,0.740869175097168,0.7717411527057514,1.0,0.7709899790000779,0.8711789609340789,1.0,0.7304992979221768,1.0,471932678.4985869,2,3,1810.5497610572522,2.0117219567302804,0.31246250526030367,2025-08-24 13:59:24.225364,-0.002254576356431226,0.018247949096894756,0.015587625226179513,1.0047591602920116,1.0118277111400331,-0.4736644845129685,0.7135308418882521,0.06949815104992463,1.0862190208634086,0.16457329209303762,1.1157696105082953,0.15873278138342495,1.0814904395834954,-0.1978372939607027,0.8900000815311296,-0.36931818181818177,0.8234421364985163,0.09205662684551252,4.908361978033309,-0.15332588740763575,1.0167597411119784,-0.10599622919919471,0.9611304572481836,-0.6832540672914605,0.4674172682492013,0.515128138280853,1.3173059319430958,-0.09493096345790641,0.966331804864594,0.13312158183764833,0.9688774426061938,-0.13965447092753636,0.7637047116455973,-0.08507713538639594,0.9144979213944984,-0.04823364571436639,1.1225967072115315,2.77566407181486,2.454690064304824,9.287243193389505,3.3698965371610554,-0.1274145767550321,1.035383571495497,1.7246622854198255,1.742865500786582,2.1225163896130192,1.6311210496857786,0.047354412529004186,1.0,0.0
115103,25079992824.44438,-0.6515621198706686,2292321712501.02,5.202623093844874e+20,56372118732161.66,1072193,254404,122,-8844390.672777697,2653088.146819328,0.38930748543530275,1.543406830673209,0.13103966831870117,0.15198646276879052,0.17213743613938945,0.12236207679214633,0.21280607034583504,0.2096682856351375,4771187.385147441,2883.188838217311,1.8016470389340533,32.9640438586623,18.296615899952034,0.4449523250727006,1.1129674695968554,60.61098744292237,1.6498658777696111,4041991.0060374625,15868718.368962537,0.20300587638090933,0.3777482459729248,4174644.30043571,-26944.975731614475,3457.410553279638,0,-4.907600642850842,428.1368367335937,0.016836972173106948,0.0695333446619018,0.08809743353555922,0.12748403150295598,0.14316502577789797,0.1637822999593682,0.13236250014866757,0.16736007150257304,0.10821529291107623,2653934.705510751,0.0006565183597672758,3549378.522075178,16361330.852924822,0.030336083894549837,0.0001,91984.98,-0.00024184363875251946,97.73200225830078,-0.900426347140848,6466.91015625,1.5186444876893468,14.220000267028809,False,4.260000228881836,53,1.0,0.010000000009313226,8.683793518071973e-06,302.7096291308194,True,-0.9284347135988048,True,-0.9329016289567085,-0.9212555289051279,-0.8689884729157544,16.66009,27.89157,0.5973163217395173,0.0,0.0,0.001127052568686464,0.007741945222245123,1.10362430771758,0.13613122997900673,0.7219261709157015,200,0.008086179523703592,130.08663428537966,0.3888375919845625,0.24191158887269898,2.0317146982840457,0.6546447172005645,-0.010498224022309377,0.010498224022309377,-0.25460315888577556,False,0.4806893559212187,0.06821325113064236,115604.81888077858,115435.62323725835,117496.70760937457,115910.91451157678,0.9235462553294561,0.9284075931948982,1.0564450087272763,1.2038855198817398,0.7112213686353581,0.8194950806164262,0.9562939654837727,1.0685657271665074,0.9389058172172076,1.1430638513787126,1.0,0.9775487832387373,0.8850578801363892,0.722260066341113,1.0,0.9059733609963273,0.925586131167663,1.0,0.7082392367173169,1.0,226062180.15880752,3,3,1280.3234100346149,1.4225815667051276,1.3837443966010623,2025-08-24 14:20:17.331549,0.0003650237700003611,0.017116448403230677,0.016155659336293704,0.9994905712259576,1.0098753888614538,0.008461379808533565,0.774074236864363,0.0032313762426854353,1.0468748285417642,-0.25427845681507333,0.832478227556473,-0.026196236998608624,1.0243493304330613,-0.10363683769176024,0.818021396839606,0.0990990990990992,0.9090909090909092,-0.6170844112872735,1.7488103064557345,-0.11871167496610457,0.8979945253701398,-0.1059670967062405,0.873364042194115,0.026900940409049445,0.5487542408390647,0.061854129093048105,1.2130378390954515,0.03468362970907357,1.0136185554586685,-0.021247660472186403,0.9954105727350735,0.1584439236532993,0.9053256433015824,0.224642950632723,1.0779939567245655,-0.23598995779518106,0.8864303901597959,-0.43751601333351,1.2438611192566467,-0.43751601333351,1.4985061721254005,-0.023744226845797356,1.043482656287382,1.5695073596333486e-07,1.4844585492192468,0.024321888227935462,1.4048335264385738,-0.5209863811974097,0.5,0.0
115070,25106538741.899204,-0.701164747815377,2291140968907.389,4.8039048828810337e+20,58821078793395.73,847133,389350,176,-24517682.24186474,2426123.7632122086,0.5408005041116762,1.953447687671239,0.14678765441109326,0.1337755469820095,0.126361501752916,0.1253803785659728,0.16561889892858547,0.30207601935942296,2607562.444186483,1575.7282888189877,1.7870103335338938,32.9640438586623,18.44647635219569,0.44040614582096194,1.1207140739632335,60.61098744292237,1.6498658777696111,3071455.431579214,16839253.943420786,0.15426147676263866,0.5398129681080734,6014547.830622344,38700.84175514195,1147.683311564687,0,-7.360193047601365,194.463599719701,0.01724898752596209,0.02462579769694315,0.08364659868951298,0.07270775278309434,0.13753641225221716,0.1439531795745631,0.12384916795240976,0.17939130422480384,0.23428978682645563,3428727.7479572073,0.0003588022185372953,3019701.654143524,16891007.720856477,0.030336083894549837,0.0001,91992.721,-0.0002032914095478693,97.73200225830078,-0.900426347140848,6466.91015625,1.5186444876893468,14.220000267028809,False,4.260000228881836,53,1.0,0.00999999999476131,8.687667447524043e-06,1.6379609401796583e-05,False,-0.3779392076285395,True,-0.34726156053571816,-0.3649757953263825,-0.3970031186839957,10.86957,24.31507,0.4470301751117845,0.0,0.0,0.0032261943587685387,0.01000135008103676,1.3045434975962806,0.11233687403866872,0.7765575918221302,200,0.00981554913959035,91.539833260098,1.2355762687503313,1.7283572015841937,0.06199392787647537,4.516011227790527,-0.12912285516633837,0.12912285516633837,0.19493827274868947,False,0.33142478049332136,-0.0523865892611253,116527.91365140014,117095.13256896604,115177.05354154002,120303.88111002633,0.6544505283360078,0.8975802545283385,0.9078151312609836,1.077477039108406,1.0173283897726744,1.0457197856305318,0.637653123969697,0.8970737648746427,1.0267031096946768,1.203908352920383,1.0,0.7323176810836033,0.9102046852475351,0.8965225878028753,1.0,0.9502419215209342,0.9341999129151624,1.0,0.745154484455428,1.0,369550024.0710667,1,3,680.2346154526481,0.7558162393918312,1.0917791796067826,2025-08-24 14:25:34.794907,-0.00028669973849504427,-0.0021765333287085964,0.01607961218200593,0.9999304819339926,1.007286819572745,0.0010584499621129062,1.0035110093293453,-0.07663791971314549,0.9639608234455376,0.04344275355108973,0.9081451358900867,-0.2099062388954227,0.8376902207555551,0.5304397729595447,1.2486162119033355,0.4426229508196722,1.135483870967742,1.7721166046325991,1.0668049254885754,-0.0855472457178692,0.8240235698178677,0.38913461555197726,1.2107287688672062,0.2656725685341026,0.7637099460600686,0.12017724323058765,1.2679171358617707,-0.11981932768896919,0.9009965477385985,-0.26592666541986887,0.7703245704091657,0.024666970788290943,0.9909127590270215,-0.22173790127586512,0.8707551090686733,0.44073300568256846,1.1846775842117516,-0.4534772513224393,0.6667505971753677,-0.4534772513224393,0.7488757307177171,-0.008124069300954329,1.0111911724640037,0.0,1.2927831433133359,0.008190610387358355,1.2609216968486199,0.6347273294960691,-0.6666666666666667,0.0
114914,24818353316.765762,-0.8956002969542307,2288807288533.446,5.523647117641725e+20,55554398106218.27,841931,379030,59,-1118217.0202241365,2814239.721442505,0.42799204738232177,1.9655173642495645,0.13751068083647675,0.10757296929544452,0.17971831586449116,0.11185855764059446,0.2088486821166388,0.25449079424635435,6257757.282919825,3781.510658447966,1.268215679334461,32.964085248503366,25.99249148678116,0.21149058768553958,1.1259032438737069,60.61106354642313,1.649863806191227,3436309.552511544,16474424.822488457,0.17258577648578288,0.3227492155095068,5067098.605121939,31628.60142013948,4365.036259238742,0,-1.0507676223568123,175.96254419985553,0.0065954358991786545,0.027177016107294488,0.05894774943219404,0.11440986899561426,0.13484926382092696,0.1463757441226952,0.1249081132533266,0.19433128446194511,0.1990009598060034,2455844.3881568145,0.0008610702236416233,3740354.560697751,16170379.814302249,0.03033604580443809,0.0001,92026.061,-0.00025988744707084,97.73200225830078,-0.900426347140848,6466.91015625,1.5186444876893468,14.220000267028809,False,4.260000228881836,53,1.0,0.00999999999476131,8.700617952482106e-06,2023.5939533877963,True,-0.992826656754359,True,-0.9947299416868998,-0.980353374358536,-0.9547226831246579,10.36228,35.70813,0.29019385781252005,0.0,0.0,0.0,0.004699020626263819,0.8500135992503076,0.12856641658491094,0.6181042592317256,200,0.008680501222905337,187.239203800574,0.9581820462048175,0.30193160401464053,0.06991331066390377,2.736159986608367,0.017469524241680356,-0.017469524241680356,-0.09017846142465213,False,0.07138443381759807,0.06207690520213756,116035.6454503495,115281.38817180853,115014.71941966203,118079.1531059924,0.814525414372867,1.0063905083292248,1.0286729068749205,1.2124500288098523,1.0552157527279131,1.3079142875690084,1.1315192796267297,1.2623739361456427,0.9889209840875445,1.24224877264531,1.0,0.7447446281576207,0.8811353306882855,0.9592960862649245,1.0,0.8454590878863997,0.9709053951021935,1.0,0.8957899460321825,1.0,209997290.34410194,1,3,1955.629213337062,2.172921348152291,0.647456560360185,2025-08-24 15:07:36.857633,-0.001355696532545414,-0.0012775831950009309,0.01745128073452973,0.9990002521103374,1.0034479575467108,-0.01147850080395596,0.9926694783457247,0.14982441416055714,1.080317772798509,-0.055535885335449287,0.8924314275550278,-0.006140712261238801,0.8747335064935065,-0.02650571465262619,1.1413692214851923,-0.6647727272727273,0.45807453416149063,-0.9543914057946822,0.07101753011716394,0.159973684819948,0.9731419591912205,-0.2085953246560941,0.9383195516582132,0.0061786535951284804,0.839218888879729,-0.06319995786999522,1.1086102189731757,-0.19586971070347237,0.7656159868883377,0.4222553022194031,1.1103265671273241,-0.10784638776842914,0.9511796074023242,0.26101962679207236,1.0980800809917297,-0.1575273178386586,0.95744832085159,1.3998494444002252,1.2841459018049446,1.3998494444002256,1.3637374002080982,-0.29031430007094194,0.7191649359405615,1.255605690975159e-06,1.1449472223891464,0.409076237136599,1.5056205711459971,-0.431748676320697,0.0,0.0
